2023-10-21 19:56:00, כרמיה, זיקים, אזור תעשייה הדרומי אשקלון, 
2023-10-21 19:56:00, אשקלון - צפון, אשקלון - דרום, 
2023-10-21 16:13:00, בת-ים, 
2023-10-21 16:13:00, כפר הנגיד, יבנה, 
2023-10-21 16:12:00, אשדוד -יא,יב,טו,יז,מרינה,סיט, אשדוד - איזור תעשייה צפוני, אשדוד -,  א,ב,ד,ה, 
2023-10-21 16:12:00, גן שורק, 
2023-10-21 16:12:00, תל אביב - מרכז העיר, תל אביב - דרום העיר ויפו, 
2023-10-21 16:12:00, עיינות, נס ציונה, נטעים, בית עובד, בית חנן, אירוס, ראשון לציון - מערב,,  ראשון לציון - מזרח, פארק תעשיות פלמחים, 
2023-10-21 14:03:00, עין השלושה, 
2023-10-21 14:01:00, נירים, 
2023-10-21 14:00:00, מטווח ניר עם, 
2023-10-21 14:00:00, שדרות, איבים, ניר עם, 
2023-10-21 13:32:00, עין השלושה, 
2023-10-21 13:31:00, כפר הנגיד, יבנה, גאליה, 
2023-10-21 13:30:00, צפריה, כפר חב''ד, יגל, אחיעזר, יהוד-מונוסון, אור יהודה, 
2023-10-21 13:30:00, נס ציונה, נטעים, בית חנן, אירוס, ראשון לציון - מערב, ראשון לציון -,  מזרח, פארק תעשיות פלמחים, 
2023-10-21 12:30:00, סעד, 
2023-10-21 12:30:00, כפר מימון ותושיה, 
2023-10-21 12:30:00, זמרת, שובה, 
2023-10-21 12:30:00, נתיבות, 
2023-10-21 12:06:00, נחל עוז, 
2023-10-21 12:00:00, תקומה וחוות יזרעם, 
2023-10-21 12:00:00, תקומה, 
2023-10-21 12:00:00, עלומים, 
2023-10-21 12:00:00, סעד, זמרת, שובה, 
2023-10-21 12:00:00, נתיבות, 
2023-10-21 09:01:00, אשדוד -יא,יב,טו,יז,מרינה,סיט, 
2023-10-21 03:00:00, שדה אברהם, 
2023-10-21 03:00:00, דקל, 
2023-10-21 03:00:00, יתד, יבול, אבשלום, 
2023-10-20 23:02:00, גבים, מכללת ספיר, 
2023-10-20 23:01:00, שדרות, איבים, ניר עם, 
2023-10-20 22:00:00, אשקלון - צפון, 
2023-10-20 22:00:00, זיקים, 
2023-10-20 22:00:00, אשקלון - דרום, 
2023-10-20 22:00:00, אזור תעשייה הדרומי אשקלון, 
2023-10-20 21:17:00, מטווח ניר עם, מפלסים, גבים, מכללת ספיר, 
2023-10-20 21:17:00, שדרות, איבים, ניר עם, 
2023-10-20 21:11:00, מטווח ניר עם, 
2023-10-20 21:11:00, גבים, מכללת ספיר, 
2023-10-20 21:11:00, שדרות, איבים, ניר עם, 
2023-10-20 21:03:00, אשדוד -יא,יב,טו,יז,מרינה,סיט, אשדוד - ח,ט,י,יג,יד,טז, אשדוד - ג,ו,ז,,  אשדוד - א,ב,ד,ה, 
2023-10-20 21:03:00, באר טוביה, 
2023-10-20 21:03:00, מבקיעים, כרמיה, יד מרדכי, 
2023-10-20 21:03:00, פארק תעשייה ראם, אורות, 
2023-10-20 21:02:00, סעד, 
2023-10-20 21:02:00, מפלסים, 
2023-10-20 21:01:00, מטווח ניר עם, שדרות, איבים, ניר עם, 
2023-10-20 21:01:00, אזור תעשייה הדרומי אשקלון, 
2023-10-20 21:01:00, אזור תעשייה צפוני אשקלון, 
2023-10-20 21:01:00, אשקלון - דרום, 
2023-10-20 20:56:00, זיקים, אזור תעשייה הדרומי אשקלון, 
2023-10-20 20:56:00, אשקלון - דרום, 
2023-10-20 20:38:00, מטווח ניר עם, 
2023-10-20 20:37:00, שדרות, איבים, ניר עם, 
2023-10-20 20:17:00, נתיב העשרה, 
2023-10-20 20:17:00, יד מרדכי, 
2023-10-20 20:07:00, שדרות, איבים, ניר עם, 
2023-10-20 20:01:00, בית עזרא, אשדוד -יא,יב,טו,יז,מרינה,סיט, אשדוד - ג,ו,ז, אזור תעשייה עד,  הלום, אשדוד - א,ב,ד,ה, אשדוד - ח,ט,י,יג,יד,טז, כפר סילבר, ברכיה, באר גנים, 
2023-10-20 20:01:00, ניצנים, ניצן, 
2023-10-20 20:00:00, מבקיעים, אשקלון - צפון, 
2023-10-20 20:00:00, בת הדר, אזור תעשייה הדרומי אשקלון, אשקלון - דרום, אזור תעשייה צפוני,  אשקלון, 
2023-10-20 19:59:00, נתיב העשרה, 
2023-10-20 19:17:00, אשקלון - דרום, 
2023-10-20 19:17:00, זיקים, אזור תעשייה הדרומי אשקלון, 
2023-10-20 18:11:00, מטולה, 
2023-10-20 17:02:00, מטווח ניר עם, 
2023-10-20 17:01:00, מפלסים, 
2023-10-20 16:04:00, דוב''ב, 
2023-10-20 14:23:00, נס הרים, 
2023-10-20 14:23:00, נוף איילון, 
2023-10-20 14:23:00, נחשון, לטרון, 
2023-10-20 13:06:00, עין הבשור, 
2023-10-20 13:00:00, אדרת, 
2023-10-20 12:04:00, כפר עזה, 
2023-10-20 12:04:00, שדה עוזיהו, 
2023-10-20 12:03:00, אזור תעשייה עד הלום, 
2023-10-20 12:03:00, ניצן, בית עזרא, 
2023-10-20 12:03:00, אשדוד -יא,יב,טו,יז,מרינה,סיט, אשדוד - ח,ט,י,יג,יד,טז, אשדוד - איזור,  תעשייה צפוני, אשדוד - א,ב,ד,ה, שתולים, 
2023-10-20 12:02:00, אזור תעשייה הדרומי אשקלון, אשקלון - צפון, אשקלון - דרום, 
2023-10-20 11:50:00, כפר עזה, 
2023-10-20 11:17:00, כיסופים, 
2023-10-20 10:49:00, שדרות, איבים, ניר עם, 
2023-10-20 09:57:00, מטווח ניר עם, מפלסים, 
2023-10-19 22:58:00, ראשון לציון - מערב, חולון, בת-ים, תל אביב - מרכז העיר, תל אביב - דרום,  העיר ויפו, 
2023-10-19 21:01:00, מטווח ניר עם, שדרות, איבים, ניר עם, 
2023-10-19 21:00:00, כרמיה, זיקים, 
2023-10-19 21:00:00, אשקלון - צפון, 
2023-10-19 21:00:00, אזור תעשייה הדרומי אשקלון, 
2023-10-19 21:00:00, אשקלון - דרום, נתיב העשרה, 
2023-10-19 20:47:00, חולית, סופה, 
2023-10-19 20:44:00, נתיב העשרה, 
2023-10-19 20:44:00, פרי גן, ניר יצחק, 
2023-10-19 20:32:00, אשדוד - איזור תעשייה צפוני, 
2023-10-19 20:31:00, יבנה, 
2023-10-19 20:31:00, ראשון לציון - מערב, חולון, בת-ים, 
2023-10-19 20:31:00, גן שורק, 
2023-10-19 17:45:00, מנרה, 
2023-10-19 17:37:00, משגב עם, מרגליות, 
2023-10-19 17:37:00, מנרה, 
2023-10-19 17:34:00, תל חי, כפר גלעדי, 
2023-10-19 17:34:00, קריית שמונה, 
2023-10-19 17:32:00, באר שבע - מערב, 
2023-10-19 17:31:00, קריית שמונה, 
2023-10-19 17:31:00, כרמית, כרמים, לקיה, 
2023-10-19 17:31:00, עומר, באר שבע - צפון, באר שבע - מזרח, 
2023-10-19 17:30:00, אום בטין, תל שבע, 
2023-10-19 17:00:00, לימן, גשר הזיו, 
2023-10-19 17:00:00, שלומי, אזור תעשייה אכזיב מילואות, 
2023-10-19 17:00:00, נתיב העשרה, זיקים, 
2023-10-19 16:59:00, אזור תעשייה הדרומי אשקלון, 
2023-10-19 16:54:00, בצת, 
2023-10-19 16:54:00, אזור תעשייה אכזיב מילואות, גשר הזיו, 
2023-10-19 16:53:00, שלומי, ראש הנקרה, 
2023-10-19 16:53:00, לימן, 
2023-10-19 16:47:00, שלומי, ראש הנקרה, בצת, 
2023-10-19 16:47:00, לימן, אזור תעשייה אכזיב מילואות, גשר הזיו, 
2023-10-19 16:46:00, כיסופים, 
2023-10-19 16:44:00, ראש הנקרה, 
2023-10-19 16:44:00, לימן, אזור תעשייה אכזיב מילואות, נהריה, גשר הזיו, 
2023-10-19 16:43:00, חניתה, 
2023-10-19 16:43:00, בצת, 
2023-10-19 16:42:00, שלומי, 
2023-10-19 16:31:00, ואדי אל נעם דרום, באר שבע - דרום, 
2023-10-19 16:31:00, באר שבע - מזרח, 
2023-10-19 16:31:00, לקיה, 
2023-10-19 16:30:00, תל שבע, 
2023-10-19 16:30:00, אום בטין, אל סייד, 
2023-10-19 16:30:00, שגב שלום, 
2023-10-19 16:30:00, אבו תלול, נבטים, 
2023-10-19 16:03:00, אבירים, פסוטה, 
2023-10-19 16:03:00, שדרות, איבים, ניר עם, 
2023-10-19 16:03:00, מטווח ניר עם, 
2023-10-19 16:02:00, אבן מנחם, 
2023-10-19 16:02:00, שומרה, 
2023-10-19 16:02:00, כיסופים, 
2023-10-19 16:02:00, עין השלושה, נירים, 
2023-10-19 16:00:00, ניצן, אשדוד -יא,יב,טו,יז,מרינה,סיט, אשדוד - ח,ט,י,יג,יד,טז, 
2023-10-19 16:00:00, אזור תעשייה הדרומי אשקלון, 
2023-10-19 15:51:00, חולית, 
2023-10-19 15:51:00, סופה, 
2023-10-19 15:04:00, שדרות, איבים, ניר עם, 
2023-10-19 15:02:00, שדה אברהם, יתד, 
2023-10-19 14:40:00, כפר עזה, 
2023-10-19 14:39:00, כפר מימון ותושיה, 
2023-10-19 14:39:00, שרשרת, שיבולים, מעגלים, גבעולים, מלילות, 
2023-10-19 14:39:00, תקומה, תקומה וחוות יזרעם, 
2023-10-19 14:39:00, בית הגדי, 
2023-10-19 14:39:00, סעד, זמרת, שובה, נתיבות, 
2023-10-19 14:33:00, גנות, משמר השבעה, בית דגן, ראשון לציון - מזרח, מקווה ישראל, חולון, 
2023-10-19 14:32:00, תל אביב - מרכז העיר, 
2023-10-19 14:32:00, חמד, אזור, 
2023-10-19 14:32:00, רמת גן - מערב, רמת גן - מזרח, קריית אונו, גבעת שמואל, בני ברק, אור,  יהודה, תל אביב - מזרח, 
2023-10-19 13:47:00, דקל, אבשלום, 
2023-10-19 12:47:00, כרמיה, זיקים, אזור תעשייה הדרומי אשקלון, 
2023-10-19 12:47:00, אשקלון - דרום, 
2023-10-18 22:00:00, ראשון לציון - מערב, מקווה ישראל, חולון, בת-ים, אזור, תל אביב - מזרח, תל,  אביב - דרום העיר ויפו, 
2023-10-18 20:31:00, תל אביב - עבר הירקון, תל אביב - מרכז העיר, 
2023-10-18 19:30:00, ראשון לציון - מערב, 
2023-10-18 19:29:00, חולון, בת-ים, תל אביב - מרכז העיר, תל אביב - דרום העיר ויפו, 
2023-10-18 18:28:00, עדנים, ירקונה, הוד השרון, גני עם, פתח תקווה, 
2023-10-18 17:27:00, כפר גלעדי, 
2023-10-18 17:27:00, תל חי, 
2023-10-18 17:27:00, ע'ג'ר, 
2023-10-18 17:26:00, מרגליות, מעיין ברוך, 
2023-10-18 17:26:00, כפר יובל, 
2023-10-18 17:26:00, קריית שמונה, מנרה, 
2023-10-18 17:20:00, כיסופים, 
2023-10-18 17:20:00, רעים, 
2023-10-18 16:05:00, סופה, 
2023-10-18 15:42:00, עין השלושה, נירים, 
2023-10-18 15:11:00, כיסופים, 
2023-10-18 15:04:00, באר שבע - מערב, באר שבע - דרום, 
2023-10-18 15:04:00, חצרים, 
2023-10-18 15:04:00, שלומית, 
2023-10-18 15:03:00, יבול, 
2023-10-18 15:02:00, מגן, 
2023-10-18 14:59:00, נחל עוז, 
2023-10-18 14:55:00, נחל עוז, 
2023-10-18 13:51:00, מטווח ניר עם, שדרות, איבים, ניר עם, 
2023-10-18 12:35:00, שדרות, איבים, ניר עם, גבים, מכללת ספיר, 
2023-10-18 12:33:00, כיסופים, 
2023-10-18 12:26:00, כיסופים, 
2023-10-18 11:09:00, כיסופים, 
2023-10-18 10:12:00, נחל עוז, 
2023-10-17 22:01:00, צפריה, כפר חב''ד, יגל, בית דגן, אחיעזר, משמר השבעה, תעשיון צריפין,,  ראשון לציון - מזרח, 
2023-10-17 22:00:00, רינתיה, נחלים, נופך, מזור, מגשימים, בני עטרות, בארות יצחק, סביון,,  יהוד-מונוסון, 
2023-10-17 21:59:00, גן שורק, פארק תעשיות פלמחים, 
2023-10-17 21:59:00, בן זכאי, כפר הנגיד, יבנה, 
2023-10-17 21:59:00, אזור תעשייה הדרומי אשקלון, 
2023-10-17 21:02:00, גיאה, בת הדר, בית שקמה, אזור תעשייה הדרומי אשקלון, אשקלון - דרום, 
2023-10-17 21:02:00, משען, ברכיה, אזור תעשייה צפוני אשקלון, 
2023-10-17 21:00:00, מבקיעים, 
2023-10-17 21:00:00, כרמיה, 
2023-10-17 21:00:00, נתיב העשרה, 
2023-10-17 20:27:00, עין הבשור, 
2023-10-17 20:27:00, מגן, 
2023-10-17 20:27:00, ניר עוז, 
2023-10-17 20:16:00, מלכיה, דישון, 
2023-10-17 20:01:00, כרמיה, זיקים, 
2023-10-17 20:01:00, אשקלון - צפון, 
2023-10-17 20:01:00, אשקלון - דרום, 
2023-10-17 20:00:00, גנות, מקווה ישראל, 
2023-10-17 20:00:00, אזור תעשייה הדרומי אשקלון, 
2023-10-17 20:00:00, כפר חב''ד, יגל, זיתן, אחיעזר, תעשיון צריפין, ניר צבי, לוד, 
2023-10-17 20:00:00, נופך, 
2023-10-17 20:00:00, רמת גן - מזרח, בני ברק, משמר השבעה, 
2023-10-17 19:59:00, תעשיון חצב, רינתיה, ראש העין, נחשונים, מזור, גבעת כ''ח, בני עטרות,,  אלעד, עדנים, ירקונה, הוד השרון, פתח תקווה, גבעת שמואל, תל אביב - עבר הירקון, תל אביב - מרכז העיר, צפריה,,  חמד, בית דגן, גני תקווה, קריית אונו, סביון, מעש, יהוד-מונוסון, אור יהודה, רמת גן - מערב, ראשון לציון - מערב,,  חולון, גבעתיים, אזור, תל אביב - מזרח, 
2023-10-17 19:33:00, כפר הנגיד, גאליה, 
2023-10-17 19:33:00, בית עובד, אירוס, פארק תעשיות פלמחים, עיינות, רחובות, 
2023-10-17 19:32:00, רמת גן - מערב, מקווה ישראל, גבעתיים, תל אביב - מזרח, גנות, משמר השבעה,,  חמד, נס ציונה, ראשון לציון - מערב, ראשון לציון - מזרח, חולון, אזור, בת-ים, תל אביב - דרום העיר ויפו, 
2023-10-17 19:29:00, שתולים, שדה עוזיהו, עזריקם, אמונים, 
2023-10-17 19:28:00, ניצן, בית עזרא, 
2023-10-17 19:28:00, אשדוד -יא,יב,טו,יז,מרינה,סיט, אשדוד - ח,ט,י,יג,יד,טז, אזור תעשייה עד,  הלום, 
2023-10-17 19:28:00, אשדוד - ג,ו,ז, אשדוד - איזור תעשייה צפוני, אשדוד - א,ב,ד,ה, 
2023-10-17 19:28:00, קבוצת יבנה, כרם ביבנה, כפר אביב, 
2023-10-17 19:28:00, גן יבנה, גן הדרום, ביצרון, 
2023-10-17 19:28:00, מבקיעים, אזור תעשייה הדרומי אשקלון, 
2023-10-17 19:02:00, נס ציונה, באר יעקב, נצר סרני, 
2023-10-17 19:02:00, אזור, 
2023-10-17 19:01:00, תעשיון צריפין, 
2023-10-17 19:01:00, בית דגן, רמת גן - מערב, רמת גן - מזרח, קריית אונו, פתח תקווה, גבעת,  שמואל, בני ברק, אור יהודה, יגל, אחיעזר, מגשימים, יהוד-מונוסון, ראשון לציון - מערב, חולון, בת-ים, 
2023-10-17 19:01:00, צפריה, כפר חב''ד, ראשון לציון - מזרח, 
2023-10-17 19:00:00, תימורים, קריית מלאכי, כפר ורבורג, באר טוביה, אזור תעשייה באר טוביה,,  אביגדור, שתולים, שדה עוזיהו, עזריקם, אמונים, אשדוד - ח,ט,י,יג,יד,טז, אזור תעשייה עד הלום, 
2023-10-17 18:59:00, שפיר, עין צורים, משואות יצחק, מרכז שפירא, זרחיה, 
2023-10-17 18:59:00, נווה מבטח, משגב דב, גן יבנה, ביצרון, 
2023-10-17 18:59:00, אזור תעשייה תימורים, ערוגות, ינון, 
2023-10-17 18:59:00, סעד, נחל עוז, כפר עזה, 
2023-10-17 18:59:00, פארק תעשייה ראם, אורות, 
2023-10-17 18:59:00, שדרות, איבים, ניר עם, 
2023-10-17 18:48:00, אזור תעשייה הדרומי אשקלון, 
2023-10-17 18:32:00, יבנה, 
2023-10-17 18:31:00, נטעים, גן שורק, ראשון לציון - מערב, ראשון לציון - מזרח, פארק תעשיות,  פלמחים, 
2023-10-17 18:13:00, אזור תעשייה הדרומי אשקלון, 
2023-10-17 18:13:00, מבקיעים, 
2023-10-17 18:13:00, כרמיה, נתיב העשרה, 
2023-10-17 18:06:00, נטעים, גן שורק, 
2023-10-17 18:05:00, גנות, משמר השבעה, בית דגן, 
2023-10-17 18:05:00, ראשון לציון - מערב, ראשון לציון - מזרח, פארק תעשיות פלמחים, חולון, 
2023-10-17 17:30:00, מבטחים, עמיעוז, ישע, 
2023-10-17 17:00:00, שדה ניצן, 
2023-10-17 17:00:00, צוחר, אוהד, מבטחים, עמיעוז, ישע, 
2023-10-17 16:59:00, שדרות, איבים, ניר עם, 
2023-10-17 16:57:00, כיסופים, 
2023-10-17 16:45:00, כפר עזה, 
2023-10-17 16:39:00, קריית שמונה, 
2023-10-17 16:39:00, בית הלל, 
2023-10-17 16:23:00, עין השלושה, 
2023-10-17 16:04:00, בית הגדי, 
2023-10-17 16:04:00, נתיבות, שוקדה, עלומים, כפר מימון ותושיה, בארי, 
2023-10-17 16:00:00, כיסופים, 
2023-10-17 15:57:00, שדרות, איבים, ניר עם, 
2023-10-17 15:52:00, כיסופים, 
2023-10-17 15:52:00, עין השלושה, 
2023-10-17 14:56:00, כיסופים, 
2023-10-17 14:48:00, נחל עוז, 
2023-10-17 14:46:00, ניר עוז, 
2023-10-17 14:16:00, אשקלון - צפון, 
2023-10-17 14:16:00, אשקלון - דרום, 
2023-10-17 14:16:00, אזור תעשייה הדרומי אשקלון, 
2023-10-17 13:37:00, נטעים, גן שורק, בית חנן, ראשון לציון - מערב, ראשון לציון - מזרח, פארק,  תעשיות פלמחים, 
2023-10-17 13:09:00, נחל עוז, 
2023-10-17 11:34:00, באר שבע - צפון, באר שבע - מערב, 
2023-10-17 11:34:00, תל שבע, 
2023-10-17 10:12:00, ניר עוז, 
2023-10-17 10:11:00, עין השלושה, נירים, 
2023-10-17 08:46:00, צאלים, 
2023-10-16 21:43:00, נס ציונה, נטעים, גן שורק, בית חנן, אירוס, פארק תעשיות פלמחים, 
2023-10-16 21:43:00, פלמחים, 
2023-10-16 21:42:00, אור יהודה, 
2023-10-16 21:42:00, רמת גן - מערב, גבעתיים, תל אביב - מרכז העיר, תל אביב - מזרח, תל אביב -,  דרום העיר ויפו, 
2023-10-16 21:42:00, גנות, משמר השבעה, חמד, בית דגן, ראשון לציון - מזרח, 
2023-10-16 21:42:00, ראשון לציון - מערב, מקווה ישראל, חולון, בת-ים, אזור, 
2023-10-16 21:03:00, שדה עוזיהו, עזר, ניצן, בית עזרא, אמונים, 
2023-10-16 21:02:00, שתולים, 
2023-10-16 21:02:00, אשדוד - ח,ט,י,יג,יד,טז, אזור תעשייה עד הלום, 
2023-10-16 21:02:00, גן יבנה, 
2023-10-16 21:02:00, גבים, מכללת ספיר, 
2023-10-16 21:02:00, נווה מיכאל - רוגלית, גבעות עדן, שדרות, איבים, ניר עם, 
2023-10-16 21:00:00, עין השלושה, 
2023-10-16 20:57:00, סעד, כפר עזה, 
2023-10-16 20:57:00, נחל עוז, 
2023-10-16 20:00:00, מקווה ישראל, חולון, בת-ים, 
2023-10-16 19:59:00, רמת גן - מערב, גבעתיים, תל אביב - מרכז העיר, תל אביב - מזרח, תל אביב -,  דרום העיר ויפו, 
2023-10-16 19:42:00, כיסופים, 
2023-10-16 19:41:00, עין השלושה, נירים, 
2023-10-16 19:38:00, נירים, 
2023-10-16 19:38:00, עין השלושה, 
2023-10-16 19:01:00, צוחר, אוהד, 
2023-10-16 19:01:00, עין הבשור, 
2023-10-16 19:00:00, שדה ניצן, 
2023-10-16 19:00:00, מבטחים, עמיעוז, ישע, 
2023-10-16 18:02:00, צוחר, אוהד, מבטחים, עמיעוז, ישע, 
2023-10-16 18:02:00, סופה, ניר יצחק, 
2023-10-16 18:01:00, אשקלון - צפון, 
2023-10-16 18:01:00, מבקיעים, 
2023-10-16 18:01:00, כרמיה, זיקים, 
2023-10-16 18:01:00, אזור תעשייה צפוני אשקלון, 
2023-10-16 18:01:00, אזור תעשייה הדרומי אשקלון, אשקלון - דרום, 
2023-10-16 17:35:00, נחל עוז, 
2023-10-16 17:18:00, ראשון לציון - מערב, בת-ים, 
2023-10-16 17:16:00, רמת גן - מערב, מקווה ישראל, חולון, גבעתיים, אזור, תל אביב - מזרח, תל,  אביב - דרום העיר ויפו, 
2023-10-16 17:11:00, ניר עוז, 
2023-10-16 16:46:00, הר גילה, גנות, צפריה, משמר השבעה, כפר חב''ד, חמד, בית דגן, אור יהודה, 
2023-10-16 16:46:00, ראשון לציון - מערב, בת-ים, 
2023-10-16 16:45:00, מגשימים, 
2023-10-16 16:45:00, ירושלים - מזרח, ירושלים - דרום, 
2023-10-16 16:45:00, גבעת זאב, מעלה החמישה, הר אדר, 
2023-10-16 16:45:00, בית שמש, 
2023-10-16 16:45:00, רמת גן - מערב, רמת גן - מזרח, בני ברק, אזור, 
2023-10-16 16:44:00, מקווה ישראל, חולון, גבעתיים, תל אביב - מרכז העיר, תל אביב - מזרח, תל,  אביב - דרום העיר ויפו, 
2023-10-16 16:44:00, גני תקווה, קריית אונו, פתח תקווה, סביון, מעש, גת רימון, 
2023-10-16 15:45:00, נירים, 
2023-10-16 14:42:00, שדרות, איבים, ניר עם, 
2023-10-16 14:33:00, רעים, 
2023-10-16 14:32:00, עין השלושה, 
2023-10-16 14:32:00, כיסופים, 
2023-10-16 14:23:00, כרם שלום, 
2023-10-16 13:59:00, נתיב העשרה, מבקיעים, כרמיה, אזור תעשייה הדרומי אשקלון, אשקלון - דרום, 
2023-10-16 13:48:00, נחל עוז, 
2023-10-16 13:42:00, אתר דודאים, 
2023-10-16 13:42:00, חצרים, 
2023-10-16 13:41:00, באר שבע - מערב, באר שבע - מזרח, באר שבע - דרום, 
2023-10-16 13:41:00, שגב שלום, 
2023-10-16 13:32:00, אשדוד -יא,יב,טו,יז,מרינה,סיט, אשדוד - ח,ט,י,יג,יד,טז, אשדוד - ג,ו,ז,,  אשדוד - א,ב,ד,ה, 
2023-10-16 12:29:00, סופה, חולית, 
2023-10-16 12:12:00, נחל עוז, 
2023-10-16 12:05:00, נחל עוז, 
2023-10-16 12:05:00, סעד, 
2023-10-16 11:41:00, ניצן, בית עזרא, 
2023-10-16 11:41:00, משען, בת הדר, בית שקמה, אזור תעשייה הדרומי אשקלון, אשקלון - דרום, אזור,  תעשייה צפוני אשקלון, 
2023-10-16 11:41:00, ברכיה, 
2023-10-16 11:41:00, אשדוד -יא,יב,טו,יז,מרינה,סיט, אשדוד - א,ב,ד,ה, 
2023-10-16 11:41:00, שתולים, שדה עוזיהו, אשדוד - ח,ט,י,יג,יד,טז, אזור תעשייה עד הלום, 
2023-10-16 11:41:00, גן יבנה, 
2023-10-16 11:34:00, מטווח ניר עם, 
2023-10-16 11:07:00, מודיעין - ישפרו סנטר, משמר איילון, כרמי יוסף, כפר שמואל, כפר בן נון, 
2023-10-16 09:00:00, בארי, 
2023-10-16 08:39:00, נחל עוז, 
2023-10-15 23:00:00, מטווח ניר עם, שדרות, איבים, ניר עם, 
2023-10-15 21:32:00, אשדוד - איזור תעשייה צפוני, 
2023-10-15 21:32:00, סתריה, נען, כפר ביל''ו, רמלה, מצליח, ישרש, רחובות, 
2023-10-15 20:48:00, נתיב העשרה, 
2023-10-15 19:10:00, כיסופים, 
2023-10-15 18:56:00, מקווה ישראל, 
2023-10-15 18:56:00, בית דגן, תעשיון צריפין, ראשון לציון - מזרח, 
2023-10-15 18:55:00, גבעתיים, בני ברק, תל אביב - מזרח, 
2023-10-15 18:55:00, ראשון לציון - מערב, חולון, בת-ים, תל אביב - דרום העיר ויפו, 
2023-10-15 18:55:00, גנות, משמר השבעה, חמד, רמת גן - מערב, רמת גן - מזרח, קריית אונו, גבעת,  שמואל, אזור, אור יהודה, צפריה, כפר חב''ד, סביון, יהוד-מונוסון, 
2023-10-15 18:00:00, מבטחים, עמיעוז, ישע, 
2023-10-15 18:00:00, מבקיעים, 
2023-10-15 17:59:00, אזור תעשייה צפוני אשקלון, 
2023-10-15 17:59:00, כרמיה, זיקים, 
2023-10-15 17:59:00, אשקלון - צפון, 
2023-10-15 17:59:00, אזור תעשייה הדרומי אשקלון, אשקלון - דרום, 
2023-10-15 17:20:00, פרי גן, ניר יצחק, 
2023-10-15 17:20:00, חולית, 
2023-10-15 17:20:00, סופה, 
2023-10-15 17:16:00, נחל עוז, 
2023-10-15 17:06:00, עין השלושה, 
2023-10-15 17:04:00, ניר עוז, 
2023-10-15 17:04:00, נירים, 
2023-10-15 16:34:00, נחל עוז, 
2023-10-15 16:10:00, בצת, 
2023-10-15 16:10:00, שלומי, 
2023-10-15 16:10:00, אזור תעשייה אכזיב מילואות, 
2023-10-15 16:10:00, לימן, נהריה, גשר הזיו, 
2023-10-15 16:09:00, חניתה, 
2023-10-15 16:09:00, ראש הנקרה, 
2023-10-15 16:07:00, בצת, 
2023-10-15 16:07:00, שלומי, 
2023-10-15 15:10:00, מבטחים, עמיעוז, ישע, 
2023-10-15 15:08:00, נחל עוז, 
2023-10-15 13:55:00, תל אביב - מרכז העיר, 
2023-10-15 13:54:00, מתחם פי גלילות, סינמה סיטי גלילות, רמת השרון, הרצליה - מרכז וגליל ים,,  הרצליה - מערב, תל אביב - עבר הירקון, 
2023-10-15 13:38:00, סעד, נחל עוז, 
2023-10-15 13:31:00, כרם שלום, 
2023-10-15 13:09:00, סעד, כפר עזה, 
2023-10-15 13:00:00, מבטחים, עמיעוז, ישע, 
2023-10-15 12:58:00, שדרות, איבים, ניר עם, שדרות, איבים, ניר עם, 
2023-10-15 12:44:00, רעים, 
2023-10-15 12:01:00, נחל עוז, 
2023-10-15 11:15:00, שדרות, איבים, ניר עם, 
2023-10-15 10:32:00, נחל עוז, 
2023-10-15 10:31:00, מפלסים, 
2023-10-15 10:12:00, נחל עוז, 
2023-10-15 06:43:00, שדה אליעזר, 
2023-10-14 21:54:00, אבני איתן, 
2023-10-14 21:53:00, עלמה, 
2023-10-14 21:23:00, אזור תעשייה הדרומי אשקלון, אשקלון - דרום, 
2023-10-14 21:23:00, אשקלון - צפון, אשקלון - צפון, 
2023-10-14 21:05:00, אזור תעשייה הדרומי אשקלון, 
2023-10-14 21:02:00, תעשיון חצב, רינתיה, עינת, נחשונים, נחלים, נופך, מזור, אלעד, כפר סירקין,,  גבעת השלושה, 
2023-10-14 21:01:00, מצליח, 
2023-10-14 21:01:00, מקווה ישראל, גבעתיים, אזור, תל אביב - מזרח, 
2023-10-14 21:01:00, אזור תעשייה אפק ולב הארץ, ראש העין, נירית, כפר קאסם, כפר ברא, חורשים,,  אורנית, 
2023-10-14 21:01:00, שדי חמד, מתן, ירחיב, חגור, ג'לג'וליה, 
2023-10-14 21:01:00, סופה, 
2023-10-14 21:01:00, מרכז אזורי דרום השרון, נווה ירק, פתח תקווה, 
2023-10-14 21:00:00, רמלה, 
2023-10-14 21:00:00, אזור תעשייה נשר - רמלה, 
2023-10-14 21:00:00, חדיד, בית נחמיה, לוד, כפר נוער בן שמן, גינתון, בן שמן, אחיסמך, 
2023-10-14 21:00:00, חולית, 
2023-10-14 21:00:00, רמת השרון, רמת גן - מערב, בני ברק, תל אביב - עבר הירקון, תל אביב - מרכז,  העיר, 
2023-10-14 21:00:00, ראשון לציון - מערב, חולון, בת-ים, תל אביב - דרום העיר ויפו, 
2023-10-14 20:58:00, אזור תעשייה צפוני אשקלון, 
2023-10-14 20:58:00, זיקים, 
2023-10-14 20:58:00, אשקלון - צפון, אשקלון - דרום, 
2023-10-14 20:58:00, אזור תעשייה הדרומי אשקלון, 
2023-10-14 20:43:00, עזר, בית עזרא, אמונים, 
2023-10-14 20:42:00, באר גנים, אשקלון - צפון, 
2023-10-14 20:42:00, שדה עוזיהו, אזור תעשייה עד הלום, 
2023-10-14 20:42:00, שתולים, 
2023-10-14 20:42:00, ניצן, 
2023-10-14 20:42:00, אזור תעשייה הדרומי אשקלון, 
2023-10-14 20:42:00, גן יבנה, גן הדרום, 
2023-10-14 20:42:00, אשדוד - ח,ט,י,יג,יד,טז, 
2023-10-14 20:42:00, אשדוד -יא,יב,טו,יז,מרינה,סיט, 
2023-10-14 19:57:00, נתיב העשרה, 
2023-10-14 19:57:00, יד מרדכי, 
2023-10-14 17:59:00, נחל עוז, 
2023-10-14 17:55:00, חולית, 
2023-10-14 17:54:00, סופה, 
2023-10-14 17:36:00, נחל עוז, 
2023-10-14 17:09:00, נחל עוז, 
2023-10-14 17:04:00, כיסופים, 
2023-10-14 17:02:00, צפריה, חמד, אור יהודה, 
2023-10-14 17:01:00, אשקלון - צפון, 
2023-10-14 17:01:00, אשדוד -יא,יב,טו,יז,מרינה,סיט, 
2023-10-14 17:01:00, מבקיעים, 
2023-10-14 17:01:00, כפר סילבר, בת הדר, אזור תעשייה הדרומי אשקלון, אשקלון - דרום, אזור,  תעשייה צפוני אשקלון, 
2023-10-14 17:01:00, נחלים, מזור, מגשימים, בארות יצחק, פתח תקווה, סביון, מעש, יהוד-מונוסון, 
2023-10-14 17:00:00, נתיב העשרה, 
2023-10-14 17:00:00, יד מרדכי, 
2023-10-14 17:00:00, כרמיה, 
2023-10-14 16:30:00, כיסופים, 
2023-10-14 16:04:00, אשקלון - צפון, אשקלון - דרום, 
2023-10-14 16:04:00, נתיב העשרה, כרמיה, זיקים, 
2023-10-14 16:04:00, אזור תעשייה הדרומי אשקלון, 
2023-10-14 16:03:00, סעד, 
2023-10-14 16:03:00, מטווח ניר עם, שדרות, איבים, ניר עם, 
2023-10-14 15:24:00, נירים, 
2023-10-14 14:41:00, עין השלושה, כיסופים, 
2023-10-14 14:33:00, עין השלושה, כיסופים, 
2023-10-14 14:01:00, אתר דודאים, נתיב העשרה, באר שבע - דרום, 
2023-10-14 14:01:00, אזור תעשייה הדרומי אשקלון, אשקלון - דרום, 
2023-10-14 14:01:00, אורים, 
2023-10-14 14:01:00, עומר, לקיה, 
2023-10-14 14:00:00, באר שבע - צפון, באר שבע - מערב, באר שבע - מזרח, 
2023-10-14 13:42:00, נירים, 
2023-10-14 12:54:00, נירים, 
2023-10-14 12:44:00, עלומים, 
2023-10-14 12:34:00, מפלסים, 
2023-10-14 12:34:00, מטווח ניר עם, 
2023-10-14 12:30:00, זיקים, 
2023-10-14 12:30:00, אזור תעשייה הדרומי אשקלון, אשקלון - צפון, אשקלון - דרום, 
2023-10-14 11:47:00, זיקים, 
2023-10-14 11:47:00, אזור תעשייה הדרומי אשקלון, 
2023-10-14 11:31:00, גן שורק, 
2023-10-14 11:31:00, קבוצת יבנה, עשרת, נווה מבטח, משגב דב, כרם ביבנה, כפר אביב, גבעת,  וושינגטון, 
2023-10-14 11:31:00, נס ציונה, נטעים, בית חנן, פארק תעשיות פלמחים, 
2023-10-14 11:30:00, כפר מרדכי, 
2023-10-14 11:30:00, שדמה, 
2023-10-14 11:30:00, כרמיה, 
2023-10-14 11:30:00, בניה, בית גמליאל, 
2023-10-14 11:30:00, גנות, משמר השבעה, חמד, בית דגן, ראשון לציון - מזרח, חולון, רמת גן -,  מערב, רמת גן - מזרח, אזור, אור יהודה, תל אביב - דרום העיר ויפו, ראשון לציון - מערב, בת-ים, 
2023-10-14 11:30:00, משען, כפר סילבר, ברכיה, 
2023-10-14 11:30:00, אשקלון - צפון, 
2023-10-14 11:30:00, מבקיעים, גיאה, בת הדר, בית שקמה, אזור תעשייה הדרומי אשקלון, אשקלון -,  דרום, אזור תעשייה צפוני אשקלון, 
2023-10-14 11:14:00, מפלסים, 
2023-10-14 11:14:00, מטווח ניר עם, 
2023-10-14 11:03:00, נירים, 
2023-10-14 10:05:00, תלמי יפה, 
2023-10-14 09:45:00, גבים, מכללת ספיר, 
2023-10-14 09:45:00, מטווח ניר עם, 
2023-10-14 09:45:00, שדרות, איבים, ניר עם, 
2023-10-13 23:58:00, מפלסים, 
2023-10-13 23:58:00, גבים, מכללת ספיר, 
2023-10-13 23:58:00, מטווח ניר עם, 
2023-10-13 23:58:00, שדרות, איבים, ניר עם, 
2023-10-13 22:55:00, זמרת, שובה, 
2023-10-13 22:55:00, עלומים, 
2023-10-13 22:55:00, נחל עוז, 
2023-10-13 22:34:00, נתיב העשרה, 
2023-10-13 22:00:00, שתולים, שדה עוזיהו, אשדוד -יא,יב,טו,יז,מרינה,סיט, אזור תעשייה עד הלום, 
2023-10-13 21:59:00, אשדוד - ח,ט,י,יג,יד,טז, אשדוד - ג,ו,ז, 
2023-10-13 21:59:00, תל אביב - מרכז העיר, 
2023-10-13 21:59:00, הרצליה - מערב, תל אביב - עבר הירקון, גנות, משמר השבעה, ראשון לציון -,  מערב, ראשון לציון - מזרח, חולון, רמת גן - מערב, רמת גן - מזרח, גבעתיים, גבעת שמואל, בני ברק, אזור, תל אביב -,  מזרח, 
2023-10-13 21:03:00, אשדוד - ג,ו,ז, 
2023-10-13 21:03:00, אשדוד -יא,יב,טו,יז,מרינה,סיט, אשדוד - ח,ט,י,יג,יד,טז, אשדוד - א,ב,ד,ה, 
2023-10-13 21:01:00, כיסופים, 
2023-10-13 21:00:00, ניר גלים, 
2023-10-13 21:00:00, אשדוד - איזור תעשייה צפוני, 
2023-10-13 21:00:00, זיקים, 
2023-10-13 21:00:00, אזור תעשייה הדרומי אשקלון, אשקלון - דרום, 
2023-10-13 20:52:00, בת הדר, בית שקמה, 
2023-10-13 20:52:00, אשקלון - דרום, אזור תעשייה צפוני אשקלון, 
2023-10-13 20:52:00, מבקיעים, כרמיה, 
2023-10-13 20:52:00, נתיב העשרה, 
2023-10-13 20:51:00, אזור תעשייה הדרומי אשקלון, 
2023-10-13 20:18:00, נתיב העשרה, כרמיה, יד מרדכי, 
2023-10-13 20:08:00, ישרש, נצר סרני, 
2023-10-13 20:07:00, יגל, זיתן, אחיעזר, רמלה, ניר צבי, לוד, באר יעקב, 
2023-10-13 19:11:00, זיקים, 
2023-10-13 19:03:00, כרמיה, זיקים, אזור תעשייה הדרומי אשקלון, 
2023-10-13 19:02:00, אשקלון - דרום, 
2023-10-13 19:00:00, נחל עוז, 
2023-10-13 19:00:00, עלומים, 
2023-10-13 18:26:00, משגב עם, 
2023-10-13 17:49:00, קריית חינוך מרחבים, דניאל, אופקים, 
2023-10-13 17:01:00, בית גמליאל, בית אלעזרי, 
2023-10-13 17:01:00, קריית עקרון, גבעת ברנר, 
2023-10-13 17:00:00, תל אביב - עבר הירקון, תל אביב - מרכז העיר, תל אביב - דרום העיר ויפו,,  ראשון לציון - מערב, חולון, בת-ים, סתריה, רמלה, ישרש, רחובות, 
2023-10-13 16:57:00, עלומים, סעד, נחל עוז, כפר עזה, 
2023-10-13 15:53:00, בארי, 
2023-10-13 15:30:00, מטווח ניר עם, 
2023-10-13 15:30:00, בארי, 
2023-10-13 15:19:00, גבים, מכללת ספיר, 
2023-10-13 15:19:00, שדרות, איבים, ניר עם, 
2023-10-13 15:07:00, כיסופים, 
2023-10-13 15:03:00, סואעד חמירה, ח'וואלד, בית עלמין תל רגב, אל-ח'וואלד מערב, שפרעם, רמת,  ישי, ראס עלי, קריית טבעון-בית זייד, עדי, נופית, מנשית זבדה, כפר טבאש, כעביה, כעביה טבאש, חג'אג'רה, זרזיר,,  הרדוף, הסוללים, בסמת טבעון, בית שערים, בית לחם הגלילית, ביר אלמכסור, אלונים, אלוני אבא, אלון הגליל, 
2023-10-13 15:02:00, רקפת, מרכז אזורי משגב, כפר מנדא, 
2023-10-13 15:02:00, עמוקה, צפת, ביריה, 
2023-10-13 15:02:00, שכניה, קורנית, מנוף, מורשת, כאוכב אבו אלהיג'א, דמיידה, 
2023-10-13 14:48:00, מטווח ניר עם, 
2023-10-13 14:00:00, באר גנים, 
2023-10-13 14:00:00, אשקלון - צפון, אשקלון - דרום, 
2023-10-13 14:00:00, ניצן, 
2023-10-13 13:54:00, זמרת, שובה, 
2023-10-13 13:54:00, נחל עוז, 
2023-10-13 13:32:00, בארי, 
2023-10-13 13:21:00, אזור תעשייה צפוני אשקלון, 
2023-10-13 13:20:00, אשקלון - צפון, 
2023-10-13 13:20:00, אשקלון - דרום, 
2023-10-13 13:20:00, אזור תעשייה הדרומי אשקלון, זיקים, 
2023-10-13 13:15:00, מטווח ניר עם, מפלסים, 
2023-10-13 13:15:00, שדרות, איבים, ניר עם, 
2023-10-13 13:04:00, תלמי יוסף, 
2023-10-13 13:03:00, יתד, אבשלום, 
2023-10-13 13:03:00, דקל, 
2023-10-13 13:03:00, שדה אברהם, 
2023-10-13 13:03:00, סופה, 
2023-10-13 13:03:00, חולית, 
2023-10-13 13:02:00, ניר עוז, 
2023-10-13 13:02:00, עין השלושה, 
2023-10-13 13:02:00, נירים, 
2023-10-13 12:33:00, שדרות, איבים, ניר עם, 
2023-10-13 12:28:00, בארי, 
2023-10-13 12:18:00, מבקיעים, 
2023-10-13 12:18:00, כפר סילבר, באר גנים, 
2023-10-13 12:18:00, משען, הודיה, ברכיה, 
2023-10-13 12:18:00, ניר ישראל, 
2023-10-13 12:18:00, זיקים, 
2023-10-13 12:18:00, אזור תעשייה צפוני אשקלון, 
2023-10-13 12:18:00, אשקלון - צפון, 
2023-10-13 12:18:00, אזור תעשייה הדרומי אשקלון, אשקלון - דרום, 
2023-10-13 12:15:00, פארק תעשייה ראם, עשרת, נווה מבטח, משגב דב, מישר, כנות, חצב, גן יבנה,,  בני עי''ש, ביצרון, אזור תעשייה כנות, גדרה, 
2023-10-13 12:14:00, נירים, 
2023-10-13 12:14:00, בית אלעזרי, 
2023-10-13 12:14:00, קריית עקרון, סתריה, כפר ביל''ו, גני יוחנן, 
2023-10-13 12:05:00, אשקלון - צפון, כרמיה, זיקים, 
2023-10-13 12:05:00, אזור תעשייה הדרומי אשקלון, אשקלון - דרום, 
2023-10-13 11:29:00, גיאה, בית שקמה, 
2023-10-13 11:29:00, נתיב העשרה, 
2023-10-13 11:29:00, כרמיה, 
2023-10-13 11:28:00, זיקים, 
2023-10-13 11:28:00, מבקיעים, 
2023-10-13 11:28:00, באר גנים, 
2023-10-13 11:28:00, כפר סילבר, בת הדר, 
2023-10-13 11:28:00, אזור תעשייה צפוני אשקלון, 
2023-10-13 11:28:00, אשקלון - צפון, 
2023-10-13 11:28:00, אזור תעשייה הדרומי אשקלון, אשקלון - דרום, 
2023-10-13 01:06:00, נתיב העשרה, 
2023-10-12 21:36:00, נחל עוז, 
2023-10-12 20:59:00, נחל עוז, 
2023-10-12 20:47:00, תל חי, קריית שמונה, משגב עם, מרגליות, כפר גלעדי, 
2023-10-12 20:18:00, לקיה, 
2023-10-12 20:18:00, באר שבע - צפון, 
2023-10-12 20:13:00, חצרים, 
2023-10-12 20:13:00, באר שבע - מערב, באר שבע - דרום, 
2023-10-12 20:12:00, לקיה, 
2023-10-12 20:04:00, באר שבע - דרום, 
2023-10-12 20:03:00, ואדי אל נעם דרום, עומר, 
2023-10-12 20:03:00, שגב שלום, לקיה, באר שבע - מערב, באר שבע - מזרח, 
2023-10-12 20:03:00, אום בטין, אל סייד, 
2023-10-12 19:26:00, כפר עזה, סעד, 
2023-10-12 19:26:00, נתיבות, 
2023-10-12 19:26:00, נחל עוז, 
2023-10-12 18:51:00, כרמיה, 
2023-10-12 18:51:00, נתיב העשרה, זיקים, 
2023-10-12 18:51:00, אזור תעשייה הדרומי אשקלון, 
2023-10-12 18:30:00, אשקלון - צפון, 
2023-10-12 18:30:00, אשקלון - דרום, עלומים, 
2023-10-12 18:30:00, כרמיה, זיקים, 
2023-10-12 18:30:00, מבקיעים, אזור תעשייה הדרומי אשקלון, 
2023-10-12 18:28:00, יד מרדכי, 
2023-10-12 17:54:00, כיסופים, 
2023-10-12 17:54:00, מטולה, 
2023-10-12 17:48:00, מבקיעים, 
2023-10-12 17:48:00, אזור תעשייה הדרומי אשקלון, 
2023-10-12 17:48:00, באר גנים, אזור תעשייה צפוני אשקלון, 
2023-10-12 17:48:00, אשקלון - צפון, 
2023-10-12 17:48:00, אשקלון - דרום, 
2023-10-12 17:48:00, נתיב העשרה, כרמיה, זיקים, 
2023-10-12 17:32:00, כיסופים, 
2023-10-12 17:31:00, כרם שלום, 
2023-10-12 17:31:00, אזור תעשייה עד הלום, 
2023-10-12 17:30:00, כרמיה, זיקים, 
2023-10-12 17:30:00, אשדוד - ג,ו,ז, ניר גלים, בני דרום, אזור תעשייה הדרומי אשקלון, 
2023-10-12 17:30:00, מתחם בני דרום, 
2023-10-12 17:30:00, שתולים, אשקלון - צפון, אשקלון - דרום, אזור תעשייה צפוני אשקלון, 
2023-10-12 17:30:00, אשדוד - איזור תעשייה צפוני, אשדוד - א,ב,ד,ה, 
2023-10-12 17:30:00, אשדוד -יא,יב,טו,יז,מרינה,סיט, אשדוד - ח,ט,י,יג,יד,טז, 
2023-10-12 17:30:00, גן יבנה, גן הדרום, 
2023-10-12 17:25:00, כרם שלום, 
2023-10-12 17:15:00, כיסופים, 
2023-10-12 17:08:00, שאר ישוב, הגושרים, דפנה, 
2023-10-12 16:56:00, גבים, מכללת ספיר, 
2023-10-12 16:56:00, מפלסים, 
2023-10-12 16:55:00, מטווח ניר עם, 
2023-10-12 16:55:00, שדרות, איבים, ניר עם, 
2023-10-12 16:28:00, אשדוד - ג,ו,ז, 
2023-10-12 16:28:00, אשדוד -יא,יב,טו,יז,מרינה,סיט, אשדוד - ח,ט,י,יג,יד,טז, אשדוד - א,ב,ד,ה, 
2023-10-12 15:50:00, נירים, 
2023-10-12 15:50:00, עין השלושה, 
2023-10-12 15:05:00, נתיב העשרה, 
2023-10-12 15:05:00, ארז, 
2023-10-12 14:52:00, מבקיעים, אזור תעשייה הדרומי אשקלון, 
2023-10-12 14:52:00, יד מרדכי, נתיב העשרה, 
2023-10-12 13:54:00, נתיב העשרה, 
2023-10-12 13:50:00, זכריה, 
2023-10-12 13:49:00, שדות מיכה, 
2023-10-12 13:48:00, זנוח, 
2023-10-12 13:48:00, בית שמש, 
2023-10-12 13:48:00, אזור תעשייה ברוש, 
2023-10-12 13:39:00, נתיב העשרה, 
2023-10-12 13:37:00, כפר עזה, 
2023-10-12 13:34:00, נחל עוז, 
2023-10-12 13:26:00, נחל עוז, 
2023-10-12 12:28:00, מבטחים, עמיעוז, ישע, 
2023-10-12 11:49:00, יד מרדכי, 
2023-10-12 11:49:00, נתיב העשרה, 
2023-10-12 11:30:00, כיסופים, 
2023-10-12 11:28:00, גבים, מכללת ספיר, 
2023-10-12 11:28:00, שדרות, איבים, ניר עם, 
2023-10-12 11:17:00, ניר עוז, 
2023-10-12 10:28:00, נחל עוז, 
2023-10-12 10:20:00, נחל עוז, 
2023-10-12 10:15:00, נחל עוז, 
2023-10-12 09:47:00, כיסופים, 
2023-10-12 09:35:00, כיסופים, 
2023-10-12 09:35:00, נירים, 
2023-10-12 09:35:00, עין השלושה, 
2023-10-12 08:40:00, בני דרור, 
2023-10-12 08:39:00, אבן יהודה, 
2023-10-12 08:39:00, אריאל, כפר יונה, ינוב, קדימה-צורן, צור משה, פרדסיה, גאולים, סלעית, צור,  נתן, צור יצחק, כוכב יאיר - צור יגאל, טייבה, 
2023-10-11 22:04:00, עלומים, נחל עוז, 
2023-10-11 21:31:00, שדרות, איבים, ניר עם, 
2023-10-11 21:09:00, יכיני, 
2023-10-11 21:09:00, שדרות, איבים, ניר עם, 
2023-10-11 21:09:00, מטווח ניר עם, גבים, מכללת ספיר, 
2023-10-11 21:09:00, נחל עוז, 
2023-10-11 21:09:00, כפר עזה, 
2023-10-11 21:09:00, דורות, 
2023-10-11 21:09:00, מפלסים, 
2023-10-11 21:01:00, כרמיה, 
2023-10-11 21:00:00, זיקים, 
2023-10-11 21:00:00, אזור תעשייה הדרומי אשקלון, 
2023-10-11 21:00:00, נתיב העשרה, 
2023-10-11 20:59:00, שדרות, איבים, ניר עם, 
2023-10-11 20:59:00, מפלסים, 
2023-10-11 20:59:00, מטווח ניר עם, 
2023-10-11 20:54:00, כרמיה, 
2023-10-11 20:54:00, זיקים, 
2023-10-11 20:54:00, נתיב העשרה, 
2023-10-11 20:54:00, אזור תעשייה הדרומי אשקלון, 
2023-10-11 20:46:00, שדרות, איבים, ניר עם, 
2023-10-11 19:50:00, גבעת ברנר, כפר הנגיד, גאליה, גן שלמה, גיבתון, 
2023-10-11 19:49:00, ראשון לציון - מזרח, 
2023-10-11 19:49:00, נס ציונה, 
2023-10-11 19:49:00, באר יעקב, רחובות, נצר סרני, 
2023-10-11 18:31:00, עופר, כרם מהר''ל, 
2023-10-11 18:18:00, פרי גן, 
2023-10-11 18:18:00, חולית, 
2023-10-11 18:18:00, ניר יצחק, 
2023-10-11 18:18:00, סופה, 
2023-10-11 18:17:00, נתיב העשרה, 
2023-10-11 18:01:00, אשדוד - ח,ט,י,יג,יד,טז, 
2023-10-11 18:01:00, אתר דודאים, תפרח, אשל הנשיא, תארבין, באר שבע - דרום, גילת, 
2023-10-11 18:01:00, באר שבע - מערב, אשדוד - ג,ו,ז, אשדוד - איזור תעשייה צפוני, אשדוד -,  א,ב,ד,ה, אזור תעשייה עד הלום, 
2023-10-11 18:01:00, תקומה, תקומה וחוות יזרעם, כפר מימון ותושיה, זמרת, שובה, נתיבות, 
2023-10-11 18:01:00, אשדוד -יא,יב,טו,יז,מרינה,סיט, ניצנים, ניצן, בית עזרא, באר גנים, אשקלון,  - צפון, אשקלון - דרום, 
2023-10-11 17:16:00, נתיב העשרה, 
2023-10-11 17:16:00, כרמיה, 
2023-10-11 17:16:00, זיקים, 
2023-10-11 17:16:00, אזור תעשייה הדרומי אשקלון, 
2023-10-11 17:07:00, שדרות, איבים, ניר עם, 
2023-10-11 17:01:00, מבקיעים, גיאה, אזור תעשייה הדרומי אשקלון, 
2023-10-11 17:00:00, יד מרדכי, 
2023-10-11 16:56:00, כרמיה, 
2023-10-11 16:55:00, זיקים, נתיב העשרה, 
2023-10-11 16:55:00, שדרות, איבים, ניר עם, 
2023-10-11 16:55:00, אזור תעשייה הדרומי אשקלון, 
2023-10-11 16:45:00, חולית, 
2023-10-11 16:45:00, סופה, ניר יצחק, 
2023-10-11 16:37:00, סופה, 
2023-10-11 16:33:00, כיסופים, 
2023-10-11 16:26:00, אשדוד -יא,יב,טו,יז,מרינה,סיט, 
2023-10-11 16:24:00, אופקים, 
2023-10-11 16:21:00, אור הנר, ארז, 
2023-10-11 16:20:00, שדרות, איבים, ניר עם, 
2023-10-11 16:20:00, מטווח ניר עם, מפלסים, 
2023-10-11 16:20:00, כפר עזה, 
2023-10-11 16:19:00, כיסופים, 
2023-10-11 16:19:00, סופה, ניר יצחק, 
2023-10-11 16:19:00, יבול, 
2023-10-11 16:19:00, חולית, 
2023-10-11 16:18:00, יתד, 
2023-10-11 16:17:00, ראשון לציון - מערב, 
2023-10-11 16:16:00, נירים, 
2023-10-11 16:16:00, ניר עוז, מגן, 
2023-10-11 16:16:00, נתיב העשרה, כרמיה, אזור תעשייה הדרומי אשקלון, 
2023-10-11 16:15:00, אזור תעשייה תימורים, תימורים, כפר ורבורג, אזור תעשייה באר טוביה,,  אביגדור, 
2023-10-11 16:15:00, חולון, בת-ים, תל אביב - דרום העיר ויפו, 
2023-10-11 16:15:00, זיקים, 
2023-10-11 16:10:00, מבקיעים, 
2023-10-11 16:10:00, נתיב העשרה, כרמיה, זיקים, אזור תעשייה הדרומי אשקלון, 
2023-10-11 16:10:00, באר גנים, אשקלון - צפון, אשקלון - דרום, 
2023-10-11 16:02:00, נחל עוז, 
2023-10-11 16:01:00, עין השלושה, 
2023-10-11 16:01:00, כיסופים, 
2023-10-11 15:59:00, אשדוד - איזור תעשייה צפוני, 
2023-10-11 15:58:00, נתיב העשרה, זיקים, 
2023-10-11 15:58:00, כרמיה, 
2023-10-11 15:58:00, אשקלון - דרום, 
2023-10-11 15:58:00, אזור תעשייה הדרומי אשקלון, 
2023-10-11 15:27:00, תעשיון צריפין, נס ציונה, באר יעקב, ראשון לציון - מזרח, נצר סרני, 
2023-10-11 15:27:00, קריית עקרון, גבעת ברנר, גן שלמה, 
2023-10-11 15:27:00, בית אלעזרי, 
2023-10-11 15:26:00, יגל, זיתן, אחיעזר, בני עטרות, 
2023-10-11 15:26:00, סתריה, רמלה, ניר צבי, לוד, ישרש, רחובות, 
2023-10-11 15:26:00, ראשון לציון - מערב, חולון, 
2023-10-11 15:02:00, כרם שלום, 
2023-10-11 15:01:00, מבקיעים, אזור תעשייה הדרומי אשקלון, 
2023-10-11 15:00:00, יד מרדכי, 
2023-10-11 15:00:00, נתיב העשרה, 
2023-10-11 14:08:00, כרמיה, 
2023-10-11 14:08:00, אזור תעשייה צפוני אשקלון, 
2023-10-11 14:08:00, זיקים, 
2023-10-11 14:08:00, באר גנים, אשקלון - צפון, 
2023-10-11 14:08:00, אשקלון - דרום, 
2023-10-11 14:08:00, אזור תעשייה הדרומי אשקלון, 
2023-10-11 14:00:00, נחל עוז, 
2023-10-11 13:43:00, עין השלושה, 
2023-10-11 13:36:00, נתיב העשרה, כרמיה, 
2023-10-11 13:34:00, אזור תעשייה צפוני אשקלון, 
2023-10-11 13:34:00, זיקים, 
2023-10-11 13:34:00, אזור תעשייה הדרומי אשקלון, באר גנים, אשקלון - צפון, אשקלון - דרום, 
2023-10-11 13:29:00, אזור תעשייה צפוני אשקלון, 
2023-10-11 13:29:00, אשדוד -יא,יב,טו,יז,מרינה,סיט, אשדוד - ח,ט,י,יג,יד,טז, 
2023-10-11 13:29:00, זיקים, 
2023-10-11 13:29:00, אזור תעשייה עד הלום, אשקלון - צפון, 
2023-10-11 13:29:00, אשקלון - דרום, 
2023-10-11 13:28:00, גיאה, ניצן, 
2023-10-11 13:28:00, ניצנים, בית עזרא, 
2023-10-11 13:28:00, ניר ישראל, משען, בת הדר, ברכיה, בית שקמה, 
2023-10-11 13:28:00, כפר סילבר, 
2023-10-11 13:28:00, מבקיעים, 
2023-10-11 13:27:00, באר גנים, 
2023-10-11 13:27:00, נתיב העשרה, כרמיה, 
2023-10-11 13:27:00, אזור תעשייה הדרומי אשקלון, 
2023-10-11 13:24:00, אזור תעשייה צפוני אשקלון, 
2023-10-11 13:24:00, זיקים, 
2023-10-11 13:24:00, אשקלון - צפון, 
2023-10-11 13:24:00, אשקלון - דרום, 
2023-10-11 13:21:00, אזור תעשייה הדרומי אשקלון, 
2023-10-11 13:08:00, מטווח ניר עם, 
2023-10-11 12:47:00, נתיב העשרה, 
2023-10-11 12:47:00, ארז, 
2023-10-11 12:12:00, אשקלון - צפון, 
2023-10-11 12:12:00, אשקלון - דרום, 
2023-10-11 12:12:00, אזור תעשייה הדרומי אשקלון, 
2023-10-11 12:12:00, כרמיה, זיקים, 
2023-10-11 12:02:00, ניר ח''ן, 
2023-10-11 12:02:00, שדה דוד, 
2023-10-11 12:01:00, זוהר, 
2023-10-11 11:56:00, ערב אל עראמשה, 
2023-10-11 11:28:00, גבים, מכללת ספיר, 
2023-10-11 11:27:00, אור הנר, 
2023-10-11 11:27:00, ארז, 
2023-10-11 11:27:00, שדרות, איבים, ניר עם, 
2023-10-11 10:41:00, נתיב העשרה, 
2023-10-11 09:08:00, שדרות, איבים, ניר עם, 
2023-10-11 08:43:00, נירים, 
2023-10-11 08:05:00, שדרות, איבים, ניר עם, 
2023-10-11 03:17:00, נתיב העשרה, 
2023-10-10 23:03:00, נחל עוז, 
2023-10-10 22:44:00, עלומים, סעד, כפר עזה, זמרת, שובה, 
2023-10-10 22:37:00, נחל עוז, 
2023-10-10 22:34:00, עלומים, סעד, כפר עזה, זמרת, שובה, 
2023-10-10 21:01:00, נתיב העשרה, כרמיה, 
2023-10-10 21:00:00, זיקים, 
2023-10-10 21:00:00, אשקלון - צפון, אשקלון - דרום, 
2023-10-10 21:00:00, אזור תעשייה הדרומי אשקלון, 
2023-10-10 19:32:00, זיקים, 
2023-10-10 19:29:00, אשקלון - צפון, אשקלון - דרום, 
2023-10-10 19:29:00, אזור תעשייה הדרומי אשקלון, 
2023-10-10 19:05:00, אשקלון - דרום, 
2023-10-10 19:05:00, אזור תעשייה הדרומי אשקלון, 
2023-10-10 19:05:00, נתיב העשרה, כרמיה, זיקים, 
2023-10-10 19:00:00, מבקיעים, 
2023-10-10 19:00:00, אזור תעשייה הדרומי אשקלון, אשקלון - צפון, אשקלון - דרום, 
2023-10-10 18:29:00, באר גנים, 
2023-10-10 18:29:00, זיקים, 
2023-10-10 18:29:00, אשקלון - צפון, אשקלון - דרום, 
2023-10-10 18:29:00, אזור תעשייה הדרומי אשקלון, 
2023-10-10 17:58:00, עין השלושה, נירים, 
2023-10-10 17:58:00, כיסופים, 
2023-10-10 17:32:00, שלומי, לימן, בצת, מצובה, 
2023-10-10 17:32:00, כרמיה, 
2023-10-10 17:31:00, ניר ישראל, כפר סילבר, ברכיה, 
2023-10-10 17:31:00, גורנות הגליל, 
2023-10-10 17:31:00, גורן, 
2023-10-10 17:31:00, זיקים, 
2023-10-10 17:30:00, אזור תעשייה הדרומי אשקלון, באר גנים, אשקלון - צפון, אשקלון - דרום, אזור,  תעשייה צפוני אשקלון, 
2023-10-10 17:27:00, חניתה, 
2023-10-10 17:27:00, לימן, אזור תעשייה אכזיב מילואות, 
2023-10-10 17:27:00, שלומי, מצובה, בצת, 
2023-10-10 17:18:00, אשקלון - צפון, אשקלון - דרום, 
2023-10-10 17:17:00, כרמיה, 
2023-10-10 17:13:00, מבקיעים, 
2023-10-10 17:13:00, זיקים, 
2023-10-10 17:13:00, אזור תעשייה הדרומי אשקלון, 
2023-10-10 17:12:00, כפר סילבר, אשקלון - צפון, אזור תעשייה צפוני אשקלון, אשקלון - דרום, 
2023-10-10 17:12:00, ניר יצחק, 
2023-10-10 17:12:00, פרי גן, 
2023-10-10 17:12:00, סופה, 
2023-10-10 17:07:00, כפר סילבר, 
2023-10-10 17:07:00, מבקיעים, 
2023-10-10 17:07:00, אשקלון - דרום, אזור תעשייה צפוני אשקלון, אזור תעשייה הדרומי אשקלון, 
2023-10-10 17:07:00, אשקלון - צפון, 
2023-10-10 17:05:00, נתיב העשרה, כרמיה, יד מרדכי, זיקים, 
2023-10-10 17:03:00, טל מנשה, שקד, ריחן, חיננית, 
2023-10-10 17:03:00, ג'ת, באקה אל גרבייה, 
2023-10-10 17:00:00, ארז, אור הנר, שדרות, איבים, ניר עם, 
2023-10-10 17:00:00, ברכיה, 
2023-10-10 17:00:00, משען, 
2023-10-10 17:00:00, יד מרדכי, 
2023-10-10 17:00:00, מבקיעים, גיאה, בית שקמה, 
2023-10-10 17:00:00, כפר סילבר, 
2023-10-10 17:00:00, תלמי יפה, בת הדר, 
2023-10-10 17:00:00, כרמיה, זיקים, 
2023-10-10 16:59:00, נתיב העשרה, 
2023-10-10 16:59:00, באר גנים, אזור תעשייה צפוני אשקלון, 
2023-10-10 16:59:00, כפר עזה, 
2023-10-10 16:59:00, אשקלון - צפון, 
2023-10-10 16:59:00, אשקלון - דרום, 
2023-10-10 16:59:00, אזור תעשייה הדרומי אשקלון, 
2023-10-10 16:44:00, מתחם פי גלילות, סינמה סיטי גלילות, רשפון, כפר שמריהו, הרצליה - מרכז,  וגליל ים, הרצליה - מערב, 
2023-10-10 16:44:00, תל אביב - דרום העיר ויפו, 
2023-10-10 16:44:00, תל אביב - עבר הירקון, תל אביב - מרכז העיר, 
2023-10-10 16:33:00, שדרות, איבים, ניר עם, 
2023-10-10 16:30:00, באר שבע - מערב, 
2023-10-10 16:30:00, חצרים, באר שבע - דרום, 
2023-10-10 16:30:00, אום בטין, אבו תלול, תל שבע, סעייה-מולדה, נבטים, אל סייד, תל ערד, מרעית,,  כסייפה, 
2023-10-10 15:55:00, כפר עזה, 
2023-10-10 15:47:00, תל אביב - מרכז העיר, 
2023-10-10 15:46:00, מתחם פי גלילות, סינמה סיטי גלילות, רמת השרון, כפר שמריהו, הרצליה - מרכז,  וגליל ים, הרצליה - מערב, תל אביב - עבר הירקון, 
2023-10-10 15:38:00, ראשון לציון - מערב, 
2023-10-10 15:37:00, גנות, משמר השבעה, חמד, בית דגן, ראשון לציון - מזרח, חולון, אזור, 
2023-10-10 15:24:00, בית עובד, בית חנן, אירוס, ראשון לציון - מזרח, 
2023-10-10 15:23:00, רמת גן - מערב, פתח תקווה, גבעת שמואל, בני ברק, 
2023-10-10 15:23:00, יבנה, אשדוד -יא,יב,טו,יז,מרינה,סיט, אשדוד - ח,ט,י,יג,יד,טז, אשדוד -,  ג,ו,ז, 
2023-10-10 15:23:00, אשדוד - א,ב,ד,ה, 
2023-10-10 15:23:00, אשדוד - איזור תעשייה צפוני, 
2023-10-10 15:22:00, מקווה ישראל, חולון, בת-ים, תל אביב - מרכז העיר, תל אביב - מזרח, תל אביב,  - דרום העיר ויפו, 
2023-10-10 15:22:00, נטעים, גן שורק, ראשון לציון - מערב, פארק תעשיות פלמחים, 
2023-10-10 15:22:00, פלמחים, 
2023-10-10 15:20:00, סעד, כפר עזה, 
2023-10-10 15:20:00, מפלסים, 
2023-10-10 14:58:00, מטווח ניר עם, מפלסים, 
2023-10-10 14:58:00, שדרות, איבים, ניר עם, 
2023-10-10 14:53:00, גבים, מכללת ספיר, 
2023-10-10 14:53:00, מטווח ניר עם, מפלסים, 
2023-10-10 14:53:00, שדרות, איבים, ניר עם, 
2023-10-10 14:51:00, כיסופים, 
2023-10-10 14:19:00, צוחר, אוהד, מבטחים, עמיעוז, ישע, 
2023-10-10 14:19:00, גבולות, 
2023-10-10 14:05:00, נתיב העשרה, כרמיה, זיקים, 
2023-10-10 14:04:00, אזור תעשייה הדרומי אשקלון, אשקלון - דרום, 
2023-10-10 13:37:00, מפלסים, 
2023-10-10 13:01:00, בארי, 
2023-10-10 12:39:00, שדה צבי, פעמי תש''ז, 
2023-10-10 12:39:00, עומר, לקיה, באר שבע - צפון, 
2023-10-10 12:22:00, נחל עוז, 
2023-10-10 12:16:00, כרמיה, 
2023-10-10 12:15:00, אזור תעשייה הדרומי אשקלון, 
2023-10-10 12:15:00, נתיב העשרה, זיקים, 
2023-10-10 12:07:00, כפר עזה, 
2023-10-10 11:59:00, זיקים, 
2023-10-10 11:59:00, אשקלון - דרום, 
2023-10-10 11:59:00, כרמיה, 
2023-10-10 11:59:00, אזור תעשייה הדרומי אשקלון, 
2023-11-05 22:02:00, גבעתיים, תל אביב - דרום העיר ויפו, 
2023-11-05 22:02:00, נטעים, גן שורק, בית חנן, פארק תעשיות פלמחים, צפריה, כפר חב''ד, בית דגן,,  רמלה, נס ציונה, ישרש, רחובות, נצר סרני, 
2023-11-05 22:02:00, בת-ים, 
2023-11-05 22:02:00, גנות, משמר השבעה, 
2023-11-05 22:02:00, מגשימים, 
2023-11-05 22:01:00, אשדוד - ח,ט,י,יג,יד,טז, אשדוד - ג,ו,ז, 
2023-11-05 22:01:00, ראשון לציון - מערב, אחיעזר, 
2023-11-05 22:01:00, חמד, תעשיון צריפין, ניר צבי, באר יעקב, גני תקווה, ראשון לציון - מזרח,,  רמת גן - מזרח, קריית אונו, סביון, מעש, יהוד-מונוסון, אור יהודה, 
2023-11-05 22:01:00, רמת גן - מערב, מקווה ישראל, חולון, אזור, תל אביב - מזרח, 
2023-11-05 21:26:00, קריית שמונה, 
2023-11-05 20:02:00, רמת גן - מזרח, גבעת שמואל, 
2023-11-05 20:02:00, מקווה ישראל, גבעתיים, תל אביב - מרכז העיר, תל אביב - מזרח, תל אביב -,  דרום העיר ויפו, 
2023-11-05 20:02:00, נס ציונה, נטעים, גן שורק, בית חנן, אירוס, עיינות, בית עובד, 
2023-11-05 20:01:00, אזור תעשייה אפק ולב הארץ, כפר ברא, חורשים, 
2023-11-05 20:01:00, ראש העין, כפר קאסם, גבעת השלושה, 
2023-11-05 20:01:00, פארק תעשיות פלמחים, 
2023-11-05 20:01:00, אלישמע, 
2023-11-05 20:01:00, חולון, אזור, 
2023-11-05 20:01:00, מרכז אזורי דרום השרון, תחנת רכבת ראש העין, נווה ירק, חגור, ג'לג'וליה,,  פתח תקווה, עדנים, ירקונה, הוד השרון, גני עם, רמת השרון, רמת גן - מערב, בני ברק, תל אביב - עבר הירקון, 
2023-11-05 20:01:00, משמר השבעה, בית דגן, ראשון לציון - מערב, ראשון לציון - מזרח, 
2023-11-05 19:13:00, נתיבות, בית הגדי, אזור תעשייה נ.ע.מ, 
2023-11-05 19:12:00, מטולה, 
2023-11-05 19:12:00, מעיין ברוך, כפר יובל, כפר גלעדי, דפנה, 
2023-11-05 19:12:00, תל חי, 
2023-11-05 19:12:00, קריית שמונה, 
2023-11-05 18:48:00, מטווח ניר עם, מפלסים, שדרות, איבים, ניר עם, 
2023-11-05 17:20:00, נירים, 
2023-11-05 17:03:00, פרי גן, 
2023-11-05 17:02:00, סופה, ניר יצחק, 
2023-11-05 17:00:00, רעים, 
2023-11-05 16:59:00, יבול, אבשלום, 
2023-11-05 16:59:00, סופה, 
2023-11-05 16:59:00, שדה אברהם, יתד, 
2023-11-05 16:58:00, חולית, 
2023-11-05 16:51:00, חצרים, 
2023-11-05 16:51:00, באר שבע - דרום, 
2023-11-05 16:51:00, באר שבע - מערב, 
2023-11-05 16:01:00, שדרות, איבים, ניר עם, 
2023-11-05 15:18:00, כיסופים, 
2023-11-05 15:07:00, כרם שלום, 
2023-11-05 15:00:00, מבטחים, עמיעוז, ישע, 
2023-11-05 13:57:00, ערב אל עראמשה, 
2023-11-05 12:56:00, נתיבות, 
2023-11-05 11:48:00, יראון, אביבים, 
2023-11-05 10:40:00, רעים, 
2023-11-05 09:32:00, מתת, 
2023-11-05 08:03:00, מבטחים, עמיעוז, ישע, 
2023-11-05 07:13:00, מבטחים, עמיעוז, ישע, 
2023-11-05 05:34:00, משגב עם, 
2023-11-04 22:02:00, עיינות, 
2023-11-04 22:02:00, גן שורק, פארק תעשיות פלמחים, 
2023-11-04 22:01:00, רמות מאיר, סתריה, נען, יציץ, גני הדר, 
2023-11-04 22:01:00, בית עובד, 
2023-11-04 22:01:00, משמר השבעה, בית דגן, 
2023-11-04 22:00:00, נצר סרני, 
2023-11-04 22:00:00, ישרש, רחובות, 
2023-11-04 22:00:00, יד רמב''ם, מצליח, אזור תעשייה נשר - רמלה, 
2023-11-04 22:00:00, זיתן, אחיעזר, תעשיון צריפין, רמלה, ניר צבי, לוד, באר יעקב, 
2023-11-04 22:00:00, ראשון לציון - מערב, חולון, בת-ים, 
2023-11-04 22:00:00, נס ציונה, נטעים, בית חנן, אירוס, ראשון לציון - מזרח, 
2023-11-04 21:11:00, בת הדר, בית שקמה, 
2023-11-04 21:02:00, מטווח ניר עם, מפלסים, 
2023-11-04 21:02:00, גבים, מכללת ספיר, 
2023-11-04 21:02:00, שדרות, איבים, ניר עם, 
2023-11-04 20:53:00, חוות שיקמים, דורות, אזור תעשייה הדרומי אשקלון, 
2023-11-04 20:52:00, סעד, כפר עזה, 
2023-11-04 18:01:00, שדרות, איבים, ניר עם, 
2023-11-04 17:05:00, חי-בר יטבתה, שיטים, שחרות, קטורה, נווה חריף, נאות סמדר, לוטן, יטבתה,,  יהל, גרופית, 
2023-11-04 16:01:00, בית עזרא, 
2023-11-04 16:00:00, אזור תעשייה עד הלום, 
2023-11-04 16:00:00, ניצן, 
2023-11-04 16:00:00, ניר ישראל, ניצנים, כפר סילבר, הודיה, ברכיה, באר גנים, אשקלון - צפון,,  אזור תעשייה צפוני אשקלון, 
2023-11-04 16:00:00, שתולים, 
2023-11-04 16:00:00, אשדוד -יא,יב,טו,יז,מרינה,סיט, אשדוד - א,ב,ד,ה, 
2023-11-04 16:00:00, שדה עוזיהו, עזריקם, אמונים, אשדוד - ח,ט,י,יג,יד,טז, אשדוד - ג,ו,ז, 
2023-11-04 16:00:00, גן יבנה, 
2023-11-04 15:59:00, אזור תעשייה הדרומי אשקלון, 
2023-11-04 15:20:00, סעד, כפר עזה, 
2023-11-04 15:10:00, כרם שלום, 
2023-11-04 14:08:00, עין השלושה, נירים, 
2023-11-04 13:53:00, נירים, 
2023-11-04 11:38:00, כיסופים, 
2023-11-04 11:00:00, מלכיה, דישון, 
2023-11-04 10:49:00, כיסופים, 
2023-11-04 09:21:00, אילת, 
2023-11-03 21:29:00, עזריה, נען, יד רמב''ם, רמלה, מצליח, ישרש, 
2023-11-03 21:28:00, לוד, בן שמן, אחיסמך, אזור תעשייה נשר - רמלה, כפר דניאל, גמזו, 
2023-11-03 21:28:00, תל אביב - דרום העיר ויפו, 
2023-11-03 21:28:00, חולון, 
2023-11-03 21:27:00, ראשון לציון - מערב, בת-ים, 
2023-11-03 19:52:00, נתיב העשרה, 
2023-11-03 19:49:00, זיקים, 
2023-11-03 19:48:00, נתיב העשרה, 
2023-11-03 18:00:00, שדרות, איבים, ניר עם, 
2023-11-03 17:02:00, שרשרת, 
2023-11-03 17:01:00, שוקדה, 
2023-11-03 17:01:00, תקומה, 
2023-11-03 17:01:00, סעד, 
2023-11-03 17:01:00, יושיביה, 
2023-11-03 17:00:00, תקומה וחוות יזרעם, כפר מימון ותושיה, זמרת, שובה, 
2023-11-03 17:00:00, נתיבות, בית הגדי, 
2023-11-03 15:32:00, זיקים, 
2023-11-03 15:32:00, אזור תעשייה הדרומי אשקלון, 
2023-11-03 15:31:00, משמר איילון, כרמי יוסף, כפר בן נון, בקוע, 
2023-11-03 15:23:00, נתיבות, תקומה, תקומה וחוות יזרעם, סעד, כפר מימון ותושיה, זמרת, שובה, 
2023-11-03 14:59:00, עין השלושה, נירים, 
2023-11-03 13:01:00, ניר יצחק, 
2023-11-03 13:01:00, חולית, 
2023-11-03 13:01:00, סופה, 
2023-11-03 12:09:00, כרם שלום, 
2023-11-03 09:29:00, כיסופים, 
2023-11-02 21:03:00, אשדוד -יא,יב,טו,יז,מרינה,סיט, אזור תעשייה עד הלום, 
2023-11-02 21:02:00, אשדוד - ח,ט,י,יג,יד,טז, אשדוד - ג,ו,ז, 
2023-11-02 18:00:00, כיסופים, 
2023-11-02 17:23:00, בית הלל, 
2023-11-02 17:23:00, תל חי, 
2023-11-02 17:23:00, קריית שמונה, 
2023-11-02 17:23:00, מרגליות, 
2023-11-02 17:23:00, מנרה, 
2023-11-02 17:17:00, מרגליות, מנרה, 
2023-11-02 17:17:00, קריית שמונה, 
2023-11-02 17:02:00, תעשיון צריפין, רמלה, ניר צבי, לוד, באר יעקב, ראשון לציון - מזרח, 
2023-11-02 17:01:00, טירת יהודה, ברקת, רינתיה, נחלים, נופך, מזור, גבעת כ''ח, בארות יצחק, 
2023-11-02 17:01:00, אלעד, 
2023-11-02 17:01:00, תעשיון חצב, ראש העין, נחשונים, כפר קאסם, 
2023-11-02 17:01:00, צפריה, משמר השבעה, כפר חב''ד, חמד, בית דגן, סביון, יהוד-מונוסון, אור,  יהודה, 
2023-11-02 17:00:00, יגל, זיתן, אחיעזר, בני עטרות, 
2023-11-02 16:51:00, ביריה, 
2023-11-02 16:51:00, מירון, 
2023-11-02 16:51:00, קדיתא, ספסופה - כפר חושן, מרכז אזורי מרום גליל, כרם בן זמרה, דלתון, ג'ש,  - גוש חלב, בר יוחאי, אזור תעשייה רמת דלתון, אור הגנוז, אמירים, 
2023-11-02 16:51:00, צפת, 
2023-11-02 16:09:00, אביבים, 
2023-11-02 16:01:00, חצרים, 
2023-11-02 16:01:00, באר שבע - מזרח, 
2023-11-02 16:01:00, באר שבע - מערב, באר שבע - דרום, 
2023-11-02 16:00:00, שגב שלום, 
2023-11-02 15:35:00, מרגליות, 
2023-11-02 15:35:00, ערב אל עראמשה, 
2023-11-02 15:32:00, אביבים, 
2023-11-02 15:32:00, משגב עם, 
2023-11-02 15:31:00, אדמית, 
2023-11-02 15:30:00, ערב אל עראמשה, 
2023-11-02 15:01:00, חצרים, 
2023-11-02 15:01:00, באר שבע - צפון, 
2023-11-02 15:01:00, באר שבע - מערב, באר שבע - מזרח, 
2023-11-02 15:00:00, באר שבע - דרום, 
2023-11-02 12:56:00, נירים, 
2023-11-02 12:12:00, מבקיעים, גיאה, 
2023-11-02 12:11:00, סעד, 
2023-11-02 11:04:00, מבטחים, עמיעוז, ישע, 
2023-11-02 11:00:00, חולית, 
2023-11-02 10:41:00, נירים, 
2023-11-02 09:50:00, ניצן, 
2023-11-02 09:50:00, אשדוד -יא,יב,טו,יז,מרינה,סיט, אשדוד - ח,ט,י,יג,יד,טז, 
2023-11-02 06:40:00, מבטחים, עמיעוז, ישע, 
2023-11-02 06:09:00, כיסופים, 
2023-11-01 19:47:00, נירים, ניר עוז, 
2023-11-01 19:24:00, אזור תעשייה הדרומי אשקלון, 
2023-11-01 17:41:00, עין השלושה, נירים, 
2023-11-01 16:29:00, שדה ניצן, 
2023-11-01 16:28:00, מבטחים, עמיעוז, ישע, 
2023-11-01 16:02:00, מקווה ישראל, אזור, 
2023-11-01 16:02:00, נס ציונה, נטעים, בית עובד, בית חנן, אירוס, 
2023-11-01 16:01:00, אשדוד - איזור תעשייה צפוני, 
2023-11-01 16:01:00, רמת גן - מערב, גבעתיים, תל אביב - עבר הירקון, תל אביב - מרכז העיר, תל,  אביב - מזרח, תל אביב - דרום העיר ויפו, 
2023-11-01 16:01:00, בית דגן, ראשון לציון - מזרח, ראשון לציון - מערב, חולון, בת-ים, פלמחים, 
2023-11-01 15:35:00, נתיב העשרה, 
2023-11-01 15:31:00, שתולה, 
2023-11-01 14:24:00, אזור תעשייה הדרומי אשקלון, נתיב העשרה, כרמיה, זיקים, 
2023-11-01 14:16:00, נירים, 
2023-11-01 14:01:00, עין השלושה, נירים, 
2023-11-01 11:36:00, סופה, חולית, 
2023-11-01 11:01:00, מתחם בני דרום, גן הדרום, 
2023-11-01 11:01:00, עזר, 
2023-11-01 11:01:00, שדה עוזיהו, עזריקם, גבעתי, אמונים, חצור, 
2023-11-01 11:01:00, גן יבנה, 
2023-11-01 11:01:00, מעון צופיה, כפר אביב, בן זכאי, יבנה, ניר גלים, בני דרום, 
2023-11-01 11:01:00, בית עזרא, אזור תעשייה עד הלום, 
2023-11-01 11:00:00, ניצן, אשקלון - צפון, אשקלון - דרום, 
2023-11-01 11:00:00, זיקים, 
2023-11-01 11:00:00, נווה מבטח, משגב דב, מישר, ביצרון, 
2023-11-01 11:00:00, אשדוד -יא,יב,טו,יז,מרינה,סיט, אשדוד - איזור תעשייה צפוני, אשדוד -,  א,ב,ד,ה, 
2023-11-01 11:00:00, שתולים, אשדוד - ח,ט,י,יג,יד,טז, אשדוד - ג,ו,ז, 
2023-11-01 11:00:00, אזור תעשייה הדרומי אשקלון, 
2023-10-31 23:59:00, נתיב העשרה, 
2023-10-31 21:03:00, מקווה ישראל, חולון, בת-ים, 
2023-10-31 21:01:00, רמת השרון, פתח תקווה, בני ברק, תל אביב - עבר הירקון, 
2023-10-31 21:01:00, רמת גן - מערב, גבעתיים, תל אביב - מרכז העיר, תל אביב - מזרח, תל אביב -,  דרום העיר ויפו, 
2023-10-31 21:01:00, אזור תעשייה הדרומי אשקלון, 
2023-10-31 21:00:00, אשקלון - דרום, 
2023-10-31 18:28:00, ראשון לציון - מערב, בת-ים, 
2023-10-31 18:27:00, מקווה ישראל, חולון, אזור, תל אביב - דרום העיר ויפו, 
2023-10-31 18:27:00, רמת גן - מערב, גבעתיים, בני ברק, תל אביב - עבר הירקון, תל אביב - מזרח, 
2023-10-31 16:01:00, ניצן, שדה עוזיהו, בית עזרא, אשדוד - ח,ט,י,יג,יד,טז, אזור תעשייה עד הלום, 
2023-10-31 16:00:00, ניר גלים, אשדוד - איזור תעשייה צפוני, מתחם בני דרום, גן הדרום, אשדוד -,  ג,ו,ז, אשדוד -יא,יב,טו,יז,מרינה,סיט, אשדוד - א,ב,ד,ה, 
2023-10-31 16:00:00, בני דרום, 
2023-10-31 16:00:00, נתיב העשרה, 
2023-10-31 15:32:00, ניר יצחק, 
2023-10-31 15:32:00, תלמי יוסף, דקל, 
2023-10-31 15:32:00, שדה אברהם, יתד, 
2023-10-31 15:32:00, פרי גן, סופה, 
2023-10-31 15:10:00, שדרות, איבים, ניר עם, 
2023-10-31 14:51:00, סופה, חולית, 
2023-10-31 14:37:00, מרכז אזורי דרום השרון, עדנים, פתח תקווה, גבעת השלושה, 
2023-10-31 14:36:00, שדי חמד, נווה ירק, נווה ימין, כפר סבא, הוד השרון, ג'לג'וליה, אלישמע, 
2023-10-31 14:32:00, מתחם פי גלילות, רמת השרון, רמת גן - מערב, בני ברק, פתח תקווה, תל אביב -,  עבר הירקון, 
2023-10-31 14:31:00, כיסופים, 
2023-10-31 14:31:00, בצרה, כפר סבא, רעננה, הרצליה - מרכז וגליל ים, גבעת חן, 
2023-10-31 14:31:00, הרצליה - מערב, 
2023-10-31 14:00:00, סופה, 
2023-10-31 14:00:00, ניר יצחק, 
2023-10-31 13:29:00, כסייפה, 
2023-10-31 13:29:00, סעייה-מולדה, 
2023-10-31 13:29:00, אום בטין, 
2023-10-31 13:29:00, אל סייד, לקיה, 
2023-10-31 13:02:00, מטולה, 
2023-10-31 10:49:00, ניר עוז, 
2023-10-31 10:31:00, נירים, 
2023-10-31 10:09:00, נתיב העשרה, 
2023-10-31 10:02:00, כיסופים, 
2023-10-31 09:34:00, כיסופים, 
2023-10-31 08:58:00, אזור תעשייה שחורת, אילת, אילות, 
2023-10-31 08:55:00, כרם שלום, 
2023-10-31 08:29:00, כרם שלום, 
2023-10-31 07:01:00, נתיב העשרה, 
2023-10-31 06:58:00, ארז, 
2023-10-31 06:08:00, כיסופים, 
2023-10-31 02:47:00, נתיב העשרה, 
2023-10-31 01:55:00, אזור תעשייה הדרומי אשקלון, 
2023-10-31 00:31:00, מפלסים, 
2023-10-31 00:31:00, זרועה, 
2023-10-30 21:28:00, נס ציונה, נטעים, גן שורק, בית עובד, בית חנן, אירוס, פארק תעשיות פלמחים, 
2023-10-30 21:27:00, גנות, חמד, רמת גן - מערב, אזור, אור יהודה, 
2023-10-30 21:27:00, משמר השבעה, בית דגן, ראשון לציון - מערב, ראשון לציון - מזרח, חולון, 
2023-10-30 21:25:00, נתיב העשרה, 
2023-10-30 21:05:00, שדרות, איבים, ניר עם, 
2023-10-30 20:40:00, נחל עוז, 
2023-10-30 20:00:00, מבקיעים, אשקלון - דרום, 
2023-10-30 19:59:00, גיאה, בת הדר, בית שקמה, אזור תעשייה הדרומי אשקלון, 
2023-10-30 17:54:00, עין השלושה, נירים, 
2023-10-30 17:47:00, עין השלושה, 
2023-10-30 17:47:00, כיסופים, 
2023-10-30 17:31:00, עיינות, נס ציונה, נטעים, גן שורק, בית עובד, בית חנן, אירוס, פארק תעשיות,  פלמחים, 
2023-10-30 17:30:00, יגל, זיתן, אחיעזר, תעשיון צריפין, ניר צבי, לוד, 
2023-10-30 17:30:00, חמד, 
2023-10-30 17:30:00, משמר השבעה, בית דגן, ראשון לציון - מזרח, 
2023-10-30 17:09:00, נירים, 
2023-10-30 16:28:00, רעים, 
2023-10-30 16:09:00, אלקוש, 
2023-10-30 15:05:00, תלמי יוסף, 
2023-10-30 15:04:00, פרי גן, 
2023-10-30 15:04:00, שלומית, 
2023-10-30 15:04:00, שדה אברהם, 
2023-10-30 15:04:00, יבול, אבשלום, 
2023-10-30 15:03:00, שלומי, ראש הנקרה, לימן, בצת, אזור תעשייה אכזיב מילואות, 
2023-10-30 15:00:00, שלומי, ראש הנקרה, מצובה, חניתה, בצת, 
2023-10-30 14:48:00, נתיב העשרה, 
2023-10-30 14:30:00, נחם, מסילת ציון, אשתאול, אזור תעשייה הר טוב - צרעה, 
2023-10-30 14:29:00, נווה דניאל, אפרת, עמינדב, אורה, ירושלים - דרום, 
2023-10-30 14:29:00, שורש, נווה אילן, בית מאיר, 
2023-10-30 14:29:00, אבן ספיר, ירושלים - מערב, 
2023-10-30 14:00:00, אופקים, 
2023-10-30 14:00:00, באר שבע - צפון, באר שבע - מזרח, 
2023-10-30 14:00:00, אתר דודאים, 
2023-10-30 14:00:00, באר שבע - מערב, באר שבע - דרום, 
2023-10-30 14:00:00, חצרים, 
2023-10-30 13:35:00, נתיב העשרה, 
2023-10-30 11:26:00, כיסופים, 
2023-10-30 11:25:00, מתחם בני דרום, 
2023-10-30 11:25:00, שתולים, גן הדרום, ניר גלים, אשדוד - ג,ו,ז, בני דרום, 
2023-10-30 11:25:00, ניצן, אשדוד -יא,יב,טו,יז,מרינה,סיט, אשדוד - ח,ט,י,יג,יד,טז, 
2023-10-30 11:24:00, אשדוד - איזור תעשייה צפוני, אשדוד - א,ב,ד,ה, 
2023-10-30 11:24:00, כרמיה, 
2023-10-30 11:24:00, אזור תעשייה הדרומי אשקלון, 
2023-10-30 10:51:00, כיסופים, 
2023-10-30 10:24:00, נירים, 
2023-10-30 08:50:00, שוקדה, 
2023-10-30 08:49:00, שיבולים, עלומים, 
2023-10-30 08:49:00, תקומה, 
2023-10-30 08:49:00, תקומה וחוות יזרעם, 
2023-10-30 08:49:00, כפר מימון ותושיה, זמרת, שובה, 
2023-10-30 08:49:00, שרשרת, מעגלים, גבעולים, מלילות, 
2023-10-30 08:49:00, אזור תעשייה נ.ע.מ, נחל עוז, 
2023-10-30 08:49:00, נתיבות, בית הגדי, 
2023-10-30 04:42:00, נתיב העשרה, 
2023-10-30 00:59:00, שדרות, איבים, ניר עם, 
2023-10-29 23:48:00, כיסופים, 
2023-10-29 23:45:00, כיסופים, 
2023-10-29 22:29:00, נירים, 
2023-10-29 22:25:00, נירים, 
2023-10-29 22:18:00, נירים, 
2023-10-29 22:15:00, נירים, 
2023-10-29 22:11:00, נירים, 
2023-10-29 20:54:00, נתיב העשרה, 
2023-10-29 20:51:00, זיקים, 
2023-10-29 20:19:00, זיקים, 
2023-10-29 20:19:00, נירים, 
2023-10-29 20:05:00, מטווח ניר עם, שדרות, איבים, ניר עם, 
2023-10-29 19:31:00, ארז, 
2023-10-29 18:45:00, כיסופים, 
2023-10-29 18:23:00, עין השלושה, נירים, 
2023-10-29 18:15:00, נהריה, גשר הזיו, לימן, אזור תעשייה אכזיב מילואות, 
2023-10-29 18:13:00, מצובה, 
2023-10-29 18:13:00, שלומי, בצת, 
2023-10-29 17:32:00, קריית שמונה, 
2023-10-29 17:04:00, בארי, 
2023-10-29 16:54:00, איילת השחר, חצור הגלילית, 
2023-10-29 16:54:00, ראש פינה, 
2023-10-29 16:54:00, מנחת מחניים, משמר הירדן, מחניים, כפר הנשיא, אזור תעשייה צ.ח.ר, אזור,  תעשייה חצור הגלילית, 
2023-10-29 16:53:00, טובא זנגריה, 
2023-10-29 16:05:00, סופה, 
2023-10-29 14:54:00, נתיב העשרה, 
2023-10-29 14:50:00, נתיב העשרה, 
2023-10-29 14:45:00, נתיב העשרה, 
2023-10-29 14:42:00, נתיב העשרה, 
2023-10-29 14:30:00, פטיש, 
2023-10-29 14:30:00, עין השלושה, נירים, 
2023-10-29 13:31:00, כפר עזה, 
2023-10-29 13:26:00, נתיב העשרה, 
2023-10-29 12:03:00, נטעים, גן שורק, פארק תעשיות פלמחים, 
2023-10-29 12:02:00, רמת השרון, תל אביב - עבר הירקון, 
2023-10-29 12:01:00, משמר השבעה, ראשון לציון - מערב, ראשון לציון - מזרח, חולון, 
2023-10-29 12:00:00, רמות השבים, כפר סבא, כפר מל''ל, הוד השרון, רעננה, הרצליה - מרכז וגליל,  ים, גבעת חן, 
2023-10-29 10:59:00, נירים, 
2023-10-29 10:31:00, ניר יצחק, 
2023-10-29 10:14:00, נחל עוז, 
2023-10-29 10:06:00, נחל עוז, 
2023-10-29 10:04:00, נירים, 
2023-10-29 10:04:00, ניר עוז, 
2023-10-29 10:02:00, מגן, 
2023-10-29 09:59:00, ניר עוז, 
2023-10-29 06:27:00, נתיב העשרה, 
2023-10-28 22:59:00, אזור תעשייה הדרומי אשקלון, 
2023-10-28 22:59:00, אשקלון - דרום, 
2023-10-28 22:03:00, כפר סילבר, באר גנים, אשקלון - צפון, אשקלון - דרום, אזור תעשייה צפוני,  אשקלון, 
2023-10-28 22:03:00, ניצן, בית עזרא, 
2023-10-28 22:03:00, אשדוד - ח,ט,י,יג,יד,טז, אשדוד - ג,ו,ז, אשדוד - א,ב,ד,ה, 
2023-10-28 22:03:00, אשדוד -יא,יב,טו,יז,מרינה,סיט, 
2023-10-28 21:12:00, צוחר, אוהד, 
2023-10-28 21:12:00, שדה ניצן, מבטחים, עמיעוז, ישע, 
2023-10-28 21:00:00, אזור תעשייה הדרומי אשקלון, אשקלון - דרום, 
2023-10-28 21:00:00, מעון צופיה, בן זכאי, יבנה, 
2023-10-28 20:59:00, גן שורק, כפר הנגיד, גאליה, עיינות, נס ציונה, בית עובד, רחובות, 
2023-10-28 19:17:00, מרגליות, 
2023-10-28 19:01:00, אזור, 
2023-10-28 19:01:00, גנות, משמר השבעה, 
2023-10-28 19:01:00, נטעים, גן שורק, ראשון לציון - מערב, פארק תעשיות פלמחים, חולון, 
2023-10-28 19:01:00, צפריה, כפר חב''ד, יגל, חמד, בית דגן, אחיעזר, יהוד-מונוסון, אור יהודה, 
2023-10-28 19:01:00, נס ציונה, באר יעקב, רחובות, ראשון לציון - מזרח, נצר סרני, 
2023-10-28 18:47:00, בארי, 
2023-10-28 18:22:00, זיקים, 
2023-10-28 18:11:00, בת-ים, 
2023-10-28 18:11:00, נס ציונה, נטעים, גן שורק, בית חנן, אירוס, ראשון לציון - מערב, פארק,  תעשיות פלמחים, 
2023-10-28 18:10:00, תעשיון חצב, נחשונים, אלעד, 
2023-10-28 18:10:00, אזור תעשייה אפק ולב הארץ, תחנת רכבת ראש העין, ראש העין, עינת, נווה ירק,,  כפר קאסם, כפר ברא, חגור, גבעת השלושה, 
2023-10-28 18:10:00, גבעת שמואל, בני ברק, צפריה, כפר חב''ד, 
2023-10-28 18:10:00, רינתיה, נחלים, נופך, מזור, מגשימים, גני תקווה, בארות יצחק, קריית אונו,,  פתח תקווה, סביון, מעש, כפר סירקין, יהוד-מונוסון, גת רימון, צופים, אלפי מנשה, נירית, מתן, ירחיב, חורשים,,  ג'לג'וליה, אורנית, 
2023-10-28 18:10:00, מקווה ישראל, גבעתיים, תל אביב - מרכז העיר, תל אביב - דרום העיר ויפו, 
2023-10-28 18:10:00, רמת גן - מערב, חולון, אזור, תל אביב - מזרח, 
2023-10-28 18:10:00, גנות, משמר השבעה, חמד, בית דגן, רמת גן - מזרח, ראשון לציון - מזרח, אור,  יהודה, 
2023-10-28 18:10:00, יגל, זיתן, אחיעזר, בני עטרות, 
2023-10-28 18:10:00, זיקים, 
2023-10-28 18:10:00, אזור תעשייה הדרומי אשקלון, אשקלון - דרום, 
2023-10-28 18:02:00, שתולה, 
2023-10-28 17:23:00, ארז, 
2023-10-28 17:22:00, נתיב העשרה, 
2023-10-28 17:18:00, נתיב העשרה, 
2023-10-28 17:16:00, ממשית, 
2023-10-28 17:16:00, אבו תלול, 
2023-10-28 17:15:00, ערערה בנגב, 
2023-10-28 17:15:00, קצר-א-סיר, אבו קרינאת, 
2023-10-28 15:12:00, אשקלון - צפון, 
2023-10-28 15:12:00, משען, 
2023-10-28 15:12:00, גיאה, 
2023-10-28 15:12:00, מבקיעים, בת הדר, בית שקמה, אזור תעשייה צפוני אשקלון, 
2023-10-28 15:12:00, אשקלון - דרום, 
2023-10-28 15:12:00, אזור תעשייה הדרומי אשקלון, 
2023-10-28 15:04:00, באר שבע - דרום, 
2023-10-28 15:04:00, באר שבע - מערב, 
2023-10-28 15:00:00, רעים, 
2023-10-28 14:44:00, כיסופים, 
2023-10-28 14:41:00, ערב אל עראמשה, 
2023-10-28 14:38:00, ערב אל עראמשה, 
2023-10-28 14:30:00, מרגליות, 
2023-10-28 14:30:00, משגב עם, 
2023-10-28 14:01:00, בת-ים, תל אביב - דרום העיר ויפו, 
2023-10-28 13:44:00, נתיב העשרה, 
2023-10-28 13:06:00, פרי גן, סופה, 
2023-10-28 13:06:00, ניר יצחק, 
2023-10-28 13:02:00, כרמיה, 
2023-10-28 13:02:00, נתיב העשרה, יד מרדכי, 
2023-10-28 13:00:00, זיקים, 
2023-10-28 12:59:00, אזור תעשייה הדרומי אשקלון, 
2023-10-28 12:59:00, נתיב העשרה, יד מרדכי, 
2023-10-28 11:48:00, נתיב העשרה, 
2023-10-28 11:32:00, כיסופים, 
2023-10-28 10:47:00, מגן, 
2023-10-28 10:35:00, נחל עוז, 
2023-10-28 10:20:00, ניר עוז, 
2023-10-28 01:55:00, נתיב העשרה, 
2023-10-27 21:09:00, נתיב העשרה, 
2023-10-27 21:03:00, כפר עזה, 
2023-10-27 21:00:00, אזור תעשייה הדרומי אשקלון, אשקלון - דרום, 
2023-10-27 20:59:00, מפלסים, גבים, מכללת ספיר, 
2023-10-27 20:59:00, מטווח ניר עם, 
2023-10-27 20:59:00, שדרות, איבים, ניר עם, 
2023-10-27 20:49:00, יד מרדכי, 
2023-10-27 20:49:00, כרמיה, 
2023-10-27 20:49:00, גיאה, נתיב העשרה, 
2023-10-27 20:49:00, אשקלון - דרום, 
2023-10-27 20:49:00, אזור תעשייה הדרומי אשקלון, 
2023-10-27 20:49:00, מבקיעים, 
2023-10-27 19:51:00, חולית, 
2023-10-27 19:32:00, בית דגן, 
2023-10-27 19:31:00, מודיעין - ישפרו סנטר, משמר איילון, כפר שמואל, כפר בן נון, שעלבים, נוף,  איילון, 
2023-10-27 19:31:00, מבקיעים, אזור תעשייה הדרומי אשקלון, אשקלון - דרום, 
2023-10-27 19:31:00, גני תקווה, קריית אונו, סביון, מעש, גת רימון, 
2023-10-27 19:31:00, ניר גלים, בני דרום, אשדוד - ג,ו,ז, אשדוד - איזור תעשייה צפוני, אשדוד -,  א,ב,ד,ה, 
2023-10-27 19:30:00, חולון, 
2023-10-27 19:30:00, כפר האורנים, שילת, מתתיהו, מודיעין, מודיעין עילית, לפיד, כפר רות,,  חשמונאים, 
2023-10-27 19:30:00, ראשון לציון - מזרח, יהוד-מונוסון, 
2023-10-27 19:30:00, יגל, זיתן, 
2023-10-27 19:30:00, גנות, משמר השבעה, חמד, רמת גן - מערב, רמת גן - מזרח, אזור, אור יהודה, 
2023-10-27 19:30:00, צפריה, כפר חב''ד, אחיעזר, 
2023-10-27 18:02:00, ניר יצחק, 
2023-10-27 18:01:00, סופה, 
2023-10-27 16:56:00, נתיב העשרה, 
2023-10-27 16:19:00, מבקיעים, 
2023-10-27 16:19:00, ניצן, אשדוד - ג,ו,ז, אשדוד - א,ב,ד,ה, ניצנים, 
2023-10-27 16:19:00, אשדוד -יא,יב,טו,יז,מרינה,סיט, אשדוד - ח,ט,י,יג,יד,טז, 
2023-10-27 16:19:00, כפר סילבר, 
2023-10-27 16:19:00, אזור תעשייה צפוני אשקלון, 
2023-10-27 16:19:00, באר גנים, 
2023-10-27 16:19:00, אשקלון - צפון, 
2023-10-27 16:19:00, אזור תעשייה הדרומי אשקלון, אשקלון - דרום, 
2023-10-27 14:31:00, גנות, משמר השבעה, חמד, בית דגן, חולון, אזור, אור יהודה, 
2023-10-27 14:30:00, עיינות, 
2023-10-27 14:30:00, תל אביב - דרום העיר ויפו, 
2023-10-27 14:30:00, גני תקווה, רמת גן - מזרח, קריית אונו, פתח תקווה, סביון, גת רימון, גבעת,  שמואל, 
2023-10-27 14:30:00, בית עובד, אירוס, 
2023-10-27 14:30:00, אשדוד - איזור תעשייה צפוני, 
2023-10-27 14:30:00, נחל עוז, 
2023-10-27 14:30:00, תל אביב - עבר הירקון, תל אביב - מרכז העיר, 
2023-10-27 14:30:00, נס ציונה, רחובות, ראשון לציון - מזרח, 
2023-10-27 14:30:00, עלומים, 
2023-10-27 14:04:00, מקווה ישראל, אזור, 
2023-10-27 14:03:00, כרמיה, זיקים, 
2023-10-27 14:03:00, בת-ים, 
2023-10-27 14:02:00, בני ברק, ראשון לציון - מערב, חולון, רמת גן - מערב, גבעתיים, תל אביב -,  עבר הירקון, תל אביב - מרכז העיר, תל אביב - מזרח, תל אביב - דרום העיר ויפו, 
2023-10-27 14:02:00, נתיב העשרה, 
2023-10-27 13:42:00, ניצן, 
2023-10-27 13:42:00, אשדוד -יא,יב,טו,יז,מרינה,סיט, אשדוד - ח,ט,י,יג,יד,טז, 
2023-10-27 12:44:00, כרם שלום, 
2023-10-27 12:43:00, כיסופים, 
2023-10-27 02:51:00, בארי, 
2023-10-26 22:02:00, מקווה ישראל, תל אביב - דרום העיר ויפו, 
2023-10-26 22:02:00, פארק תעשיות פלמחים, 
2023-10-26 22:02:00, ראשון לציון - מערב, 
2023-10-26 22:02:00, ניר צבי, לוד, גינתון, בן שמן, אחיסמך, אזור תעשייה נשר - רמלה, 
2023-10-26 22:01:00, רמת גן - מזרח, קריית אונו, פתח תקווה, גבעת שמואל, 
2023-10-26 22:01:00, רמת גן - מערב, גבעתיים, בני ברק, תל אביב - מזרח, 
2023-10-26 22:01:00, צפריה, כפר חב''ד, 
2023-10-26 22:01:00, גנות, משמר השבעה, חמד, בית דגן, ראשון לציון - מזרח, חולון, אזור, אור,  יהודה, 
2023-10-26 22:01:00, סתריה, רמלה, מצליח, ישרש, רחובות, 
2023-10-26 22:01:00, שהם, כפר טרומן, ברקת, בית עריף, בית נחמיה, אזור תעשייה חבל מודיעין, 
2023-10-26 18:08:00, סופה, 
2023-10-26 18:08:00, חולית, 
2023-10-26 18:05:00, כפר חב''ד, 
2023-10-26 18:04:00, צפריה, ראשון לציון - מזרח, אזור, 
2023-10-26 18:04:00, גני תקווה, יהוד-מונוסון, 
2023-10-26 18:04:00, בית דגן, 
2023-10-26 18:03:00, גנות, משמר השבעה, חמד, רמת גן - מזרח, קריית אונו, סביון, אור יהודה, 
2023-10-26 18:03:00, מתחם פי גלילות, סינמה סיטי גלילות, רמת השרון, רמת גן - מערב, ראשון,  לציון - מערב, פלמחים, מקווה ישראל, חולון, הרצליה - מרכז וגליל ים, גבעתיים, בת-ים, תל אביב - עבר הירקון, תל,  אביב - מרכז העיר, תל אביב - מזרח, תל אביב - דרום העיר ויפו, 
2023-10-26 16:14:00, אשקלון - צפון, 
2023-10-26 16:14:00, אזור תעשייה הדרומי אשקלון, אשקלון - דרום, 
2023-10-26 16:14:00, זיקים, 
2023-10-26 16:01:00, אשדוד - ח,ט,י,יג,יד,טז, 
2023-10-26 16:00:00, אשדוד - איזור תעשייה צפוני, אשדוד -יא,יב,טו,יז,מרינה,סיט, אשדוד -,  א,ב,ד,ה, 
2023-10-26 16:00:00, זיקים, 
2023-10-26 16:00:00, שיבולים, 
2023-10-26 16:00:00, מעגלים, גבעולים, מלילות, נתיבות, 
2023-10-26 16:00:00, יושיביה, 
2023-10-26 16:00:00, אשקלון - צפון, אשקלון - דרום, 
2023-10-26 16:00:00, אזור תעשייה הדרומי אשקלון, 
2023-10-26 15:28:00, עין השלושה, 
2023-10-26 15:06:00, כרם שלום, 
2023-10-26 14:54:00, כרם שלום, 
2023-10-26 14:21:00, נירים, 
2023-10-26 14:14:00, כיסופים, 
2023-10-26 13:31:00, הוד השרון, 
2023-10-26 13:31:00, מרכז אזורי דרום השרון, גנות, משמר השבעה, חמד, בית דגן, עיינות, עדנים,,  נטעים, ירקונה, גני תקווה, גני עם, גן שורק, בית עובד, בית חנן, אירוס, רמת גן - מערב, רמת גן - מזרח, רחובות,,  ראשון לציון - מערב, קריית אונו, פתח תקווה, פלמחים, פארק תעשיות פלמחים, סביון, מעש, יהוד-מונוסון, גת רימון,,  גבעתיים, גבעת שמואל, בני ברק, אור יהודה, תל אביב - עבר הירקון, 
2023-10-26 13:31:00, מקווה ישראל, חולון, בת-ים, אזור, תל אביב - מזרח, תל אביב - דרום העיר,  ויפו, 
2023-10-26 13:31:00, צפריה, כפר חב''ד, נס ציונה, באר יעקב, ראשון לציון - מזרח, 
2023-10-26 13:18:00, כיסופים, 
2023-10-26 11:50:00, נירים, 
2023-10-26 10:37:00, כפר עזה, 
2023-10-26 10:34:00, שדרות, איבים, ניר עם, 
2023-10-26 10:34:00, כיסופים, 
2023-10-26 10:30:00, כיסופים, 
2023-10-25 21:59:00, ניצן, 
2023-10-25 21:58:00, אשדוד -יא,יב,טו,יז,מרינה,סיט, אשדוד - ח,ט,י,יג,יד,טז, 
2023-10-25 21:32:00, כפר סילבר, באר גנים, 
2023-10-25 21:31:00, אזור תעשייה אפק ולב הארץ, תעשיון חצב, ראש העין, עינת, נחשונים, נחלים,,  מזור, אלעד, פתח תקווה, כפר סירקין, גבעת השלושה, 
2023-10-25 21:30:00, בת-ים, 
2023-10-25 21:30:00, גנות, משמר השבעה, ראשון לציון - מערב, ראשון לציון - מזרח, חולון, אזור, 
2023-10-25 21:07:00, נתיב העשרה, 
2023-10-25 21:07:00, זיקים, 
2023-10-25 20:54:00, ארז, 
2023-10-25 19:05:00, גן שורק, אירוס, 
2023-10-25 19:05:00, נס ציונה, 
2023-10-25 19:04:00, נטעים, בית חנן, 
2023-10-25 19:04:00, פארק תעשיות פלמחים, 
2023-10-25 19:04:00, ראשון לציון - מערב, 
2023-10-25 19:04:00, ראשון לציון - מזרח, 
2023-10-25 18:33:00, אשקלון - דרום, 
2023-10-25 18:33:00, נירים, 
2023-10-25 18:33:00, ניר עוז, מגן, 
2023-10-25 18:28:00, נתיב העשרה, 
2023-10-25 17:50:00, סופה, 
2023-10-25 16:25:00, תל חי, כפר גלעדי, 
2023-10-25 16:23:00, קריית שמונה, 
2023-10-25 16:13:00, זיקים, 
2023-10-25 16:13:00, אשקלון - דרום, 
2023-10-25 16:13:00, אזור תעשייה הדרומי אשקלון, 
2023-10-25 14:57:00, נחל עוז, 
2023-10-25 13:01:00, כרם מהר''ל, דלית אל כרמל, 
2023-10-25 12:46:00, נחל עוז, 
2023-10-25 10:29:00, עין השלושה, 
2023-10-25 09:59:00, עין השלושה, כיסופים, 
2023-10-25 09:02:00, כרמיה, זיקים, 
2023-10-25 09:01:00, אזור תעשייה הדרומי אשקלון, 
2023-10-25 04:05:00, כיסופים, 
2023-10-25 02:02:00, עין השלושה, 
2023-10-25 01:03:00, סופה, 
2023-10-24 22:26:00, נתיב העשרה, 
2023-10-24 22:12:00, כרמיה, זיקים, 
2023-10-24 20:16:00, נאות גולן, 
2023-10-24 20:15:00, בני יהודה וגבעת יואב, 
2023-10-24 20:11:00, סופה, חולית, 
2023-10-24 19:34:00, כרמיה, זיקים, 
2023-10-24 19:01:00, באר גנים, 
2023-10-24 17:28:00, נטועה, 
2023-10-24 17:22:00, אלקוש, 
2023-10-24 17:02:00, כפר הנגיד, 
2023-10-24 17:02:00, בית חנן, 
2023-10-24 17:02:00, מעון צופיה, בן זכאי, בית גמליאל, יבנה, 
2023-10-24 17:01:00, רינתיה, נופך, 
2023-10-24 17:01:00, מזור, 
2023-10-24 17:01:00, אזור תעשייה הדרומי אשקלון, 
2023-10-24 17:01:00, מתחם פי גלילות, סינמה סיטי גלילות, שפיים, רשפון, געש, ארסוף, רעננה, רמת,  השרון, כפר שמריהו, הרצליה - מרכז וגליל ים, הרצליה - מערב, 
2023-10-24 17:01:00, מגשימים, נחלים, בארות יצחק, 
2023-10-24 17:01:00, גן שורק, 
2023-10-24 17:01:00, נווה ירק, 
2023-10-24 17:01:00, שתולים, ניצן, ניר גלים, אשדוד -יא,יב,טו,יז,מרינה,סיט, אשדוד -,  ח,ט,י,יג,יד,טז, אשדוד - ג,ו,ז, אשדוד - איזור תעשייה צפוני, אשדוד - א,ב,ד,ה, אזור תעשייה עד הלום, 
2023-10-24 17:01:00, נטעים, גני תקווה, מעש, גת רימון, גבעת השלושה, 
2023-10-24 17:01:00, רמת גן - מזרח, קריית אונו, בני ברק, 
2023-10-24 17:01:00, מרכז אזורי דרום השרון, גנות, צופית, עדנים, ניר אליהו, נווה ימין, כפר,  סבא, ירקונה, הוד השרון, גני עם, אלישמע, פתח תקווה, גבעת שמואל, סביון, יהוד-מונוסון, גבעת ברנר, רמלה, עיינות,,  ניר צבי, בית עובד, באר יעקב, אירוס, רחובות, נצר סרני, גן שלמה, גיבתון, 
2023-10-24 17:01:00, נס ציונה, 
2023-10-24 17:01:00, פלמחים, גבעתיים, תל אביב - עבר הירקון, תל אביב - מרכז העיר, תל אביב -,  דרום העיר ויפו, פארק תעשיות פלמחים, 
2023-10-24 17:01:00, רמת גן - מערב, אזור, תל אביב - מזרח, 
2023-10-24 17:01:00, ראשון לציון - מערב, מקווה ישראל, חולון, בת-ים, 
2023-10-24 17:01:00, משמר השבעה, חמד, בית דגן, צפריה, כפר חב''ד, יגל, אחיעזר, תעשיון צריפין,,  ראשון לציון - מזרח, אור יהודה, 
2023-10-24 16:34:00, כפר עזה, 
2023-10-24 16:33:00, נחל עוז, 
2023-10-24 16:23:00, נחל עוז, 
2023-10-24 15:52:00, חולית, 
2023-10-24 15:33:00, בני עטרות, בארות יצחק, 
2023-10-24 15:33:00, כפר הנגיד, יבנה, 
2023-10-24 15:32:00, אשדוד - איזור תעשייה צפוני, 
2023-10-24 15:32:00, תעשיון חצב, רינתיה, ראש העין, עינת, נחשונים, נופך, מזור, אלעד, 
2023-10-24 15:31:00, פלמחים, 
2023-10-24 15:31:00, צפריה, כפר חב''ד, יגל, אחיעזר, יהוד-מונוסון, אור יהודה, 
2023-10-24 15:31:00, חצרים, 
2023-10-24 15:30:00, באר שבע - מזרח, 
2023-10-24 15:30:00, באר שבע - דרום, 
2023-10-24 15:30:00, אתר דודאים, 
2023-10-24 15:30:00, באר שבע - צפון, 
2023-10-24 15:30:00, באר שבע - מערב, 
2023-10-24 15:30:00, תל שבע, 
2023-10-24 15:17:00, גאליה, 
2023-10-24 15:17:00, גבעת ברנר, גן שלמה, גיבתון, 
2023-10-24 15:17:00, תעשיון חצב, ראש העין, נחשונים, אלעד, 
2023-10-24 15:17:00, נס ציונה, רחובות, 
2023-10-24 15:16:00, נצר סרני, 
2023-10-24 15:16:00, רמלה, 
2023-10-24 15:16:00, צופים, אלפי מנשה, 
2023-10-24 15:16:00, תעשיון צריפין, ניר צבי, לוד, באר יעקב, 
2023-10-24 15:16:00, זיתן, אחיעזר, 
2023-10-24 15:16:00, יגל, 
2023-10-24 15:16:00, טירת יהודה, רינתיה, נופך, גבעת כ''ח, בני עטרות, בארות יצחק,,  יהוד-מונוסון, 
2023-10-24 15:16:00, שערי תקווה, עץ אפרים, אלקנה, 
2023-10-24 14:44:00, נחל עוז, 
2023-10-24 14:21:00, עין השלושה, נירים, 
2023-10-24 14:09:00, ניצן, 
2023-10-24 14:09:00, נחל עוז, 
2023-10-24 14:09:00, אשדוד -יא,יב,טו,יז,מרינה,סיט, אשדוד - ח,ט,י,יג,יד,טז, 
2023-10-24 13:59:00, באר שבע - דרום, 
2023-10-24 13:30:00, מבקיעים, 
2023-10-24 13:30:00, נתיב העשרה, יד מרדכי, 
2023-10-24 11:19:00, זמרת, שובה, 
2023-10-24 11:19:00, סעד, 
2023-10-24 11:19:00, נחל עוז, 
2023-10-24 10:52:00, תלמי אליהו, שדה ניצן, צוחר, אוהד, 
2023-10-24 10:52:00, מבטחים, עמיעוז, ישע, 
2023-10-24 07:53:00, נירים, 
2023-10-23 21:02:00, שדרות, איבים, ניר עם, 
2023-10-23 16:52:00, קריית שמונה, 
2023-10-23 16:01:00, אתר דודאים, 
2023-10-23 16:01:00, אשל הנשיא, 
2023-10-23 16:01:00, באר שבע - מערב, 
2023-10-23 15:59:00, שדרות, איבים, ניר עם, 
2023-10-23 15:31:00, סופה, חולית, 
2023-10-23 15:27:00, עין המפרץ, כפר מסריק, 
2023-10-23 14:47:00, עין הבשור, 
2023-10-23 14:40:00, ניר עוז, 
2023-10-23 14:03:00, ניר יצחק, 
2023-10-23 14:03:00, סופה, 
2023-10-23 13:01:00, עומר, באר שבע - מזרח, באר שבע - דרום, 
2023-10-23 13:00:00, לקיה, 
2023-10-23 13:00:00, באר שבע - צפון, באר שבע - מערב, 
2023-10-23 13:00:00, אום בטין, אל סייד, 
2023-10-23 13:00:00, נחל עוז, 
2023-10-23 12:17:00, מבטחים, עמיעוז, ישע, 
2023-10-23 11:40:00, זיקים, 
2023-10-23 11:40:00, אזור תעשייה הדרומי אשקלון, 
2023-10-23 11:30:00, ארז, 
2023-10-23 11:30:00, כרמיה, 
2023-10-23 11:30:00, נתיב העשרה, 
2023-10-23 11:30:00, כפר סילבר, אזור תעשייה צפוני אשקלון, אשקלון - צפון, יד מרדכי, 
2023-10-23 11:30:00, מבקיעים, בת הדר, 
2023-10-23 11:30:00, אזור תעשייה הדרומי אשקלון, אשקלון - דרום, 
2023-10-22 21:00:00, נתיבות, 
2023-10-22 19:14:00, ארז, 
2023-10-22 19:00:00, גילת, 
2023-10-22 19:00:00, אופקים, 
2023-10-22 19:00:00, אתר דודאים, 
2023-10-22 19:00:00, באר שבע - מערב, באר שבע - דרום, 
2023-10-22 19:00:00, חצרים, 
2023-10-22 18:10:00, בארי, 
2023-10-22 17:01:00, רעים, 
2023-10-22 17:00:00, יושיביה, 
2023-10-22 17:00:00, שיבולים, 
2023-10-22 17:00:00, שרשרת, מעגלים, גבעולים, מלילות, 
2023-10-22 17:00:00, זמרת, שובה, 
2023-10-22 17:00:00, אזור תעשייה נ.ע.מ, 
2023-10-22 17:00:00, שוקדה, עלומים, כפר מימון ותושיה, תקומה, תקומה וחוות יזרעם, בית הגדי, 
2023-10-22 17:00:00, נתיבות, 
2023-10-22 14:40:00, שדרות, איבים, ניר עם, מפלסים, 
2023-10-22 14:40:00, מטווח ניר עם, 
2023-10-22 14:06:00, כיסופים, 
2023-10-22 14:02:00, יפתח, 
2023-10-22 13:39:00, נירים, 
2023-10-22 13:29:00, רעים, 
2023-10-22 13:00:00, תירוש, 
2023-10-22 12:59:00, נחל עוז, 
2023-10-22 12:59:00, רווחה, קוממיות, קדמה, סגולה, ניר בנים, נחלה, מנוחה, זרחיה, זבדיאל,,  ורדון, אלומה, אל עזי, קריית גת, כרמי גת, גת, אזור תעשייה קריית גת, 
2023-10-22 12:59:00, גפן, שחר, שדה יואב, שדה דוד, עוצם, ניר ח''ן, נוגה, נהורה, כוכב מיכאל,,  יד נתן, חלץ, זוהר, 
2023-10-22 12:59:00, שדות מיכה, 
2023-10-22 12:59:00, גבעת ישעיהו, עגור, לוזית, זכריה, 
2023-10-22 12:59:00, שריגים - ליאון, 
2023-10-22 12:58:00, רטורנו - גבעת שמש, 
2023-10-22 12:58:00, מחסיה, 
2023-10-22 12:58:00, נתיב הל''ה, 
2023-10-22 12:58:00, אזור תעשייה ברוש, ישעי, זנוח, בית שמש, 
2023-10-22 11:33:00, נחל עוז, 
2023-10-22 11:12:00, כרם שלום, 
2023-10-22 11:03:00, אשקלון - דרום, 
2023-10-22 11:03:00, נתיב העשרה, כרמיה, 
2023-10-22 11:03:00, יד מרדכי, 
2023-10-22 11:03:00, מבקיעים, גיאה, אזור תעשייה הדרומי אשקלון, 
2023-10-22 10:16:00, אזור תעשייה הדרומי אשקלון, אשקלון - דרום, 
2023-10-22 10:16:00, כרמיה, 
2023-10-22 10:16:00, נתיב העשרה, 
2023-10-22 10:07:00, כיסופים, 
2023-10-22 09:00:00, ראשון לציון - מערב, חולון, בת-ים, 
2023-10-22 01:09:00, חולית, 
2023-10-22 01:09:00, סופה, 
2023-10-22 00:20:00, חולית, 
2023-10-17 18:59:00, שפיר, עין צורים, משואות יצחק, מרכז שפירא, 
